name,price,bedroom_count,bathroom_count,price_per_m2,type,land_area,building_area,interior,floor_count,parking_spaces,construction_date,listing_date,latitude,longitude,map_link,developer,url_link
Rumah modern dikawasan super block,1200000000,3,2,13.333.333,Rumah Dijual,69,90,Tak Berperabot,,2,,2022-07-04,-6.367401,106.65508,"https://maps.google.com/maps?ll=-6.367401,106.65508&z=16&t=m&hl=en-US&gl=US&mapclient=apiv3",,https://www.rumah.com/listing-properti/dijual-rumah-modern-dikawasan-super-block-oleh-sri-radonna-sinaga-17907676
Jakarta Garden City,3800000000,4,4,30.158.730,Rumah Dijual,146,126,Tak Berperabot,,2,2022-12-01,2022-06-19,-6.178585,106.95334,"https://maps.google.com/maps?ll=-6.178585,106.95334&z=16&t=m&hl=en-US&gl=US&mapclient=apiv3",PT Modernland Realty Tbk,https://www.rumah.com/listing-properti/dijual-jakarta-garden-city-oleh-meliana-20192028
Wisteria,2000000000,3,3,23.809.524,Rumah Dijual,79,84,Tak Berperabot,,2,,2022-07-04,-6.178626,106.953344,"https://maps.google.com/maps?ll=-6.178626,106.953344&z=16&t=m&hl=en-US&gl=US&mapclient=apiv3",,https://www.rumah.com/listing-properti/dijual-wisteria-oleh-maria-20174068
Cilincing,3600000000,4,3,20.111.732,Rumah Dijual,182,179,Tak Berperabot,,1,,2022-06-26,0.7893,113.9213,"https://maps.google.com/maps?ll=0.7893,113.9213&z=16&t=m&hl=en-US&gl=US&mapclient=apiv3",,https://www.rumah.com/listing-properti/dijual-cilincing-oleh-lien-19849131
Cilincing Townhouse,933000000,3,2,13.328.571,Rumah Dijual,73,70,Tak Berperabot,,1,,2022-07-08,-6.137187,106.935938,"https://maps.google.com/maps?ll=-6.137187,106.935938&z=16&t=m&hl=en-US&gl=US&mapclient=apiv3",,https://www.rumah.com/listing-properti/dijual-cilincing-townhouse-oleh-widi-ispiono-19703224
Dijual Rumah Cilincing,2800000000,6,3,7.909.605,Rumah Dijual,154,354,,,,,2022-06-26,-6.110166,106.944899,"https://maps.google.com/maps?ll=-6.110166,106.944899&z=16&t=m&hl=en-US&gl=US&mapclient=apiv3",,https://www.rumah.com/listing-properti/dijual-dijual-rumah-cilincing-oleh-johan-20010579
Cilincing Jakarta Utara,3000000000,6,3,8.474.576,Rumah Dijual,154,354,,,6,,2022-06-26,0.7893,113.9213,"https://maps.google.com/maps?ll=0.7893,113.9213&z=16&t=m&hl=en-US&gl=US&mapclient=apiv3",,https://www.rumah.com/listing-properti/dijual-cilincing-jakarta-utara-oleh-ami-20118762
"Cilincing, Jakarta Utara",1450000000,2,2,22.307.692,Rumah Dijual,90,65,,,,,2022-06-10,-6.110166,106.944899,"https://maps.google.com/maps?ll=-6.110166,106.944899&z=16&t=m&hl=en-US&gl=US&mapclient=apiv3",,https://www.rumah.com/listing-properti/dijual-cilincing-jakarta-utara-oleh-obbie-20178989
Rumah termurah cilincing jakarta utara,415000000,2,1,10.375.000,Rumah Dijual,35,40,Tak Berperabot,,,,2022-07-05,,,,,https://www.rumah.com/listing-properti/dijual-rumah-termurah-cilincing-jakarta-utara-oleh-hudiyono-w-eri-19392494
Semper Barat Cilincing Jakarta Utara,2800000000,6,3,7.909.605,Rumah Dijual,154,354,,,6,,2022-06-12,0.7893,113.9213,"https://maps.google.com/maps?ll=0.7893,113.9213&z=16&t=m&hl=en-US&gl=US&mapclient=apiv3",,https://www.rumah.com/listing-properti/dijual-semper-barat-cilincing-jakarta-utara-oleh-iin-maria-19585816
Perumahan Cluster Cilincing di Jakarta Utara,440000000,2,1,11.000.000,Rumah Dijual,35,40,Tak Berperabot,,1,,2022-06-26,-6.106328,106.941763,"https://maps.google.com/maps?ll=-6.106328,106.941763&z=16&t=m&hl=en-US&gl=US&mapclient=apiv3",,https://www.rumah.com/listing-properti/dijual-perumahan-cluster-cilincing-di-jakarta-utara-oleh-farida-dwi-astuti-19988655
Rumah Usaha 1. 001 m2 Jl Cilincing baru,3600000000,10,10,3.596.404,Rumah Dijual,800,1001,,,10,,2022-07-09,0.7893,113.9213,"https://maps.google.com/maps?ll=0.7893,113.9213&z=16&t=m&hl=en-US&gl=US&mapclient=apiv3",,https://www.rumah.com/listing-properti/dijual-rumah-usaha-1-001-m2-jl-cilincing-baru-oleh-afung-19434480
Perumahan pelindo 2 cilincing marunda jakarta utara,950000000,2,1,10.555.556,Rumah Dijual,65,90,,,,,2022-06-26,0.7893,113.9213,"https://maps.google.com/maps?ll=0.7893,113.9213&z=16&t=m&hl=en-US&gl=US&mapclient=apiv3",,https://www.rumah.com/listing-properti/dijual-perumahan-pelindo-2-cilincing-marunda-jakarta-utara-oleh-rita-yp-18692998
Dijual Rumah Minicluster Cilincing di Jakarta Utara,440000000,2,1,11.000.000,Rumah Dijual,35,40,Tak Berperabot,,1,,2022-06-19,-6.106328,106.941763,"https://maps.google.com/maps?ll=-6.106328,106.941763&z=16&t=m&hl=en-US&gl=US&mapclient=apiv3",,https://www.rumah.com/listing-properti/dijual-dijual-rumah-minicluster-cilincing-di-jakarta-utara-oleh-farida-dwi-astuti-19729177
Rumah Ass Shiddiq berdekat Cilincing Jakarta utara,489000000,2,1,7.409.091,Rumah Dijual,30,66,Tak Berperabot,,1,,2022-06-19,0.7893,113.9213,"https://maps.google.com/maps?ll=0.7893,113.9213&z=16&t=m&hl=en-US&gl=US&mapclient=apiv3",,https://www.rumah.com/listing-properti/dijual-rumah-ass-shiddiq-berdekat-cilincing-jakarta-utara-oleh-muh-dahlan-20203353
Rumah di marunda baru jakarta utara cilincing,800000000,3,2,6.666.667,Rumah Dijual,110,120,Tak Berperabot,,1,,2022-06-12,,,,,https://www.rumah.com/listing-properti/dijual-rumah-di-marunda-baru-jakarta-utara-cilincing-oleh-hafiy-19712094
Jual Bu rumah siap huni cilincing jakarta utara,850000000,5,3,8.333.333,Rumah Dijual,140,102,Tak Berperabot,,1,,2022-07-06,-6.110166,106.944899,"https://maps.google.com/maps?ll=-6.110166,106.944899&z=16&t=m&hl=en-US&gl=US&mapclient=apiv3",,https://www.rumah.com/listing-properti/dijual-jual-bu-rumah-siap-huni-cilincing-jakarta-utara-oleh-lina-20161183
Cluster Dekat Pintu Tol Cibitung - Cilincing Bawa Hoki,350000000,2,1,5.833.333,Rumah Dijual,36,60,Tak Berperabot,,1,,2022-07-08,-6.218687,107.069063,"https://maps.google.com/maps?ll=-6.218687,107.069063&z=16&t=m&hl=en-US&gl=US&mapclient=apiv3",,https://www.rumah.com/listing-properti/dijual-cluster-dekat-pintu-tol-cibitung-cilincing-bawa-hoki-oleh-abdul-roby-19368058
Dijual cepat jalan marunda baru cilincing jakarta utara,900000000,3,3,10.714.286,Rumah Dijual,160,84,Sebagian,,1,,2022-07-08,-6.113306,106.962424,"https://maps.google.com/maps?ll=-6.113306,106.962424&z=16&t=m&hl=en-US&gl=US&mapclient=apiv3",,https://www.rumah.com/listing-properti/dijual-dijual-cepat-jalan-marunda-baru-cilincing-jakarta-utara-oleh-yenni-gosal-20312435
Dijual rumah imperial gading sukapura cilincing jakarya utara,2500000000,4,3,23.809.524,Rumah Dijual,140,105,Sebagian,,,,2022-07-03,,,,,https://www.rumah.com/listing-properti/dijual-dijual-rumah-imperial-gading-sukapura-cilincing-jakarya-utara-oleh-andika-hartanto-19776222
Dijual rumah komplek beacukai sukapura cilincing jakarta utara,2700000000,5,3,11.894.273,Rumah Dijual,221,227,Sebagian,,2,,2022-07-03,,,,,https://www.rumah.com/listing-properti/dijual-dijual-rumah-komplek-beacukai-sukapura-cilincing-jakarta-utara-oleh-andika-hartanto-19776066
Rumah baru modern minimalis di cilincing jakarta utara,305000000,1,1,10.892.857,Rumah Dijual,25,28,Tak Berperabot,,,,2022-07-03,-6.127098,106.929958,"https://maps.google.com/maps?ll=-6.127098,106.929958&z=16&t=m&hl=en-US&gl=US&mapclient=apiv3",,https://www.rumah.com/listing-properti/dijual-rumah-baru-modern-minimalis-di-cilincing-jakarta-utara-oleh-ihsan-abdul-yaman-20211228
Dijual rumah imperial gading sukapura cilincing jakarya utara,2500000000,4,3,23.809.524,Rumah Dijual,140,105,Sebagian,,1,,2022-06-19,,,,,https://www.rumah.com/listing-properti/dijual-dijual-rumah-imperial-gading-sukapura-cilincing-jakarya-utara-oleh-yenni-gosal-18966114
Rumah Usaha Strategis di Jalan Raya Area Cilincing,3850000000,4,3,10.694.444,Rumah Dijual,250,360,Sebagian,,1,,2022-06-12,,,,,https://www.rumah.com/listing-properti/dijual-rumah-usaha-strategis-di-jalan-raya-area-cilincing-oleh-jopie-hori-19075170
"Di Jual Rumah Di Gading Griya, Cilincing, Jakarta Utara",2500000000,3,2,13.888.889,Rumah Dijual,125,180,Tak Berperabot,,1,,2022-06-10,,,,,https://www.rumah.com/listing-properti/dijual-di-jual-rumah-di-gading-griya-cilincing-jakarta-utara-oleh-singgih-18697243
Dijual rumah komplek beacukai sukapura cilincing jakarta utara,2700000000,5,3,11.894.273,Rumah Dijual,221,227,Sebagian,,2,,2022-06-10,,,,,https://www.rumah.com/listing-properti/dijual-dijual-rumah-komplek-beacukai-sukapura-cilincing-jakarta-utara-oleh-yenni-gosal-19283594
"DIJUAL Rumah IImperial Gading Cluster St. Peter, Sukapura, Cilincing",2700000000,4,3,21.951.220,Rumah Dijual,230,123,Lengkap,,1,,2022-07-08,-6.110166,106.944899,"https://maps.google.com/maps?ll=-6.110166,106.944899&z=16&t=m&hl=en-US&gl=US&mapclient=apiv3",,https://www.rumah.com/listing-properti/dijual-dijual-rumah-iimperial-gading-cluster-st-peter-sukapura-cilincing-oleh-viany-20315775
"Rumah Dijual Jakarta Garden City , JL Cakung Cilincing KM 0, 5 Cakung",1785905000,3,2,23.812.067,Rumah Dijual,64,75,Tak Berperabot,,2,,2022-07-03,-6.178626,106.953344,"https://maps.google.com/maps?ll=-6.178626,106.953344&z=16&t=m&hl=en-US&gl=US&mapclient=apiv3",,https://www.rumah.com/listing-properti/dijual-rumah-dijual-jakarta-garden-city-jl-cakung-cilincing-km-0-5-cakung-oleh-lastry-19722961
"DI JUAL rumah siap huni di kampung Rorotan, cilincing , Jakarta Utara.",1700000000,6,2,12.408.759,Rumah Dijual,140,137,,,,,2022-07-03,-6.121428,106.947666,"https://maps.google.com/maps?ll=-6.121428,106.947666&z=16&t=m&hl=en-US&gl=US&mapclient=apiv3",,https://www.rumah.com/listing-properti/dijual-di-jual-rumah-siap-huni-di-kampung-rorotan-cilincing-jakarta-utara-oleh-susy-bangun-19293049
Jual Cepat Rumah Murah Cluster Kirana Rorotan Allora Di Rorotan Cilincing,1850000000,3,1,9.068.627,Rumah Dijual,112,204,Tak Berperabot,,1,,2022-06-19,-6.133312,106.949813,"https://maps.google.com/maps?ll=-6.133312,106.949813&z=16&t=m&hl=en-US&gl=US&mapclient=apiv3",,https://www.rumah.com/listing-properti/dijual-jual-cepat-rumah-murah-cluster-kirana-rorotan-allora-di-rorotan-cilincing-oleh-nancy-19730332
Jual cepat rumah di bawah pasaran di Semper Cilincing Jakarta Utara,2800000000,6,2,7.909.605,Rumah Dijual,154,354,,,6,,2022-06-12,,,,,https://www.rumah.com/listing-properti/dijual-jual-cepat-rumah-di-bawah-pasaran-di-semper-cilincing-jakarta-utara-oleh-lusia-ester-19593962
Di Jual rumah Jalan mataram komplek bea cukai cilincing jakarta utara,1500000000,3,2,15.151.515,Rumah Dijual,140,99,,,1,,2022-06-26,-6.110166,106.944899,"https://maps.google.com/maps?ll=-6.110166,106.944899&z=16&t=m&hl=en-US&gl=US&mapclient=apiv3",,https://www.rumah.com/listing-properti/dijual-di-jual-rumah-jalan-mataram-komplek-bea-cukai-cilincing-jakarta-utara-oleh-prin-sutrisno-20251097
"Subsidi rasa cluster siap huni lokasi strategis, deket tol cibitung cilincing",168000000,2,1,2.800.000,Rumah Dijual,27,60,Tak Berperabot,,1,,2022-06-26,,,,,https://www.rumah.com/listing-properti/dijual-subsidi-rasa-cluster-siap-huni-lokasi-strategis-deket-tol-cibitung-cilincing-oleh-tri-yanti-19346621
Rumah di jual di Jl Tipar selatan kel. Semper barat cilincing Jakarta Utara,325000000,1,1,9.848.485,Rumah Dijual,33,33,,,1,,2022-07-03,0.7893,113.9213,"https://maps.google.com/maps?ll=0.7893,113.9213&z=16&t=m&hl=en-US&gl=US&mapclient=apiv3",,https://www.rumah.com/listing-properti/dijual-rumah-di-jual-di-jl-tipar-selatan-kel-semper-barat-cilincing-jakarta-utara-oleh-vera-angga-20035759
"Dijual rumah brand new dalam perumahan Gading Griya Residence, Sukapura, Cilincing, Jakarta Utara",1450000000,2,2,22.307.692,Rumah Dijual,90,65,Tak Berperabot,,,,2022-07-07,-6.110166,106.944899,"https://maps.google.com/maps?ll=-6.110166,106.944899&z=16&t=m&hl=en-US&gl=US&mapclient=apiv3",,https://www.rumah.com/listing-properti/dijual-dijual-rumah-brand-new-dalam-perumahan-gading-griya-residence-sukapura-cilincing-jakarta-utara-oleh-nur-an-20155101
Rumah 2 lantai luas 7x11 type 3KT Perumahan Green Garden Cilincing Jakarta Utara,1470000000,3,2,19.090.909,Rumah Dijual,150,77,,,1,,2022-07-04,-6.110166,106.944899,"https://maps.google.com/maps?ll=-6.110166,106.944899&z=16&t=m&hl=en-US&gl=US&mapclient=apiv3",,https://www.rumah.com/listing-properti/dijual-rumah-2-lantai-luas-7x11-type-3kt-perumahan-green-garden-cilincing-jakarta-utara-oleh-devi-alexandra-19824544
"Dijual Lahan dan bangunan rumah 2 lantai luas 21x46 1000m2, Cilincing Jakarta Utara",8000000000,3,2,8.000.000,Rumah Dijual,875,1000,,,,,2022-07-04,-6.110166,106.944899,"https://maps.google.com/maps?ll=-6.110166,106.944899&z=16&t=m&hl=en-US&gl=US&mapclient=apiv3",,https://www.rumah.com/listing-properti/dijual-dijual-lahan-dan-bangunan-rumah-2-lantai-luas-21x46-1000m2-cilincing-jakarta-utara-oleh-devi-alexandra-20124359
"Kode: 17042(Dj), Rumah Dijual Cilincing, Hadap Barat Laut, Luas 8x18 meter(144 meter)",1600000000,2,2,11.111.111,Rumah Dijual,150,144,,,,,2022-07-03,-6.110166,106.944899,"https://maps.google.com/maps?ll=-6.110166,106.944899&z=16&t=m&hl=en-US&gl=US&mapclient=apiv3",,https://www.rumah.com/listing-properti/dijual-kode-17042-dj-rumah-dijual-cilincing-hadap-barat-laut-luas-8x18-meter-144-meter-oleh-astrid-20107315
"Dijual rumah brand new dalam perumahan Gading Griya Residence, Sukapura, Cilincing, Jakarta Utara",1675000000,3,3,24.632.353,Rumah Dijual,90,68,Tak Berperabot,,1,,2022-07-03,-6.110166,106.944899,"https://maps.google.com/maps?ll=-6.110166,106.944899&z=16&t=m&hl=en-US&gl=US&mapclient=apiv3",,https://www.rumah.com/listing-properti/dijual-dijual-rumah-brand-new-dalam-perumahan-gading-griya-residence-sukapura-cilincing-jakarta-utara-oleh-anna-20157677
"Dijual rumah brand new dalam perumahan Gading Griya Residence, Sukapura, Cilincing, Jakarta Utara",1450000000,2,2,22.307.692,Rumah Dijual,90,65,Tak Berperabot,,,,2022-07-03,-6.110166,106.944899,"https://maps.google.com/maps?ll=-6.110166,106.944899&z=16&t=m&hl=en-US&gl=US&mapclient=apiv3",,https://www.rumah.com/listing-properti/dijual-dijual-rumah-brand-new-dalam-perumahan-gading-griya-residence-sukapura-cilincing-jakarta-utara-oleh-anna-20155129
"Dijual rumah brand new dalam perumahan Gading Griya Residence, Sukapura, Cilincing, Jakarta Utara",1675000000,3,3,24.632.353,Rumah Dijual,90,68,Tak Berperabot,,,,2022-07-03,-6.110166,106.944899,"https://maps.google.com/maps?ll=-6.110166,106.944899&z=16&t=m&hl=en-US&gl=US&mapclient=apiv3",,https://www.rumah.com/listing-properti/dijual-dijual-rumah-brand-new-dalam-perumahan-gading-griya-residence-sukapura-cilincing-jakarta-utara-oleh-nur-an-20155114
"Dijual rumah kos- kosan ada 4 pintu Lokasi di Rorotan, Cilincing, Jakarta Utara.",1200000000,4,4,42.857.143,Rumah Dijual,21,28,,,,,2022-06-26,,,,,https://www.rumah.com/listing-properti/dijual-dijual-rumah-kos-kosan-ada-4-pintu-lokasi-di-rorotan-cilincing-jakarta-utara-oleh-herni-listiana-19253088
di Jual Segera Rumah Murah 2 Lantai Dengan Luas 464m di Semper Timur Cilincing Jakarta Utara,2300000000,4,3,4.956.897,Rumah Dijual,275,464,Lengkap,,1,,2022-07-08,-6.121428,106.947666,"https://maps.google.com/maps?ll=-6.121428,106.947666&z=16&t=m&hl=en-US&gl=US&mapclient=apiv3",,https://www.rumah.com/listing-properti/dijual-di-jual-segera-rumah-murah-2-lantai-dengan-luas-464m-di-semper-timur-cilincing-jakarta-utara-oleh-lolita-18618850
Jual Segera Rumah Murah Siap Huni Luas 84m di Cluster Ayana Rorotan Cilincing Jakarta Utara,870000000,3,1,10.357.143,Rumah Dijual,60,84,Sebagian,,1,,2022-07-10,-6.121428,106.947666,"https://maps.google.com/maps?ll=-6.121428,106.947666&z=16&t=m&hl=en-US&gl=US&mapclient=apiv3",,https://www.rumah.com/listing-properti/dijual-jual-segera-rumah-murah-siap-huni-luas-84m-di-cluster-ayana-rorotan-cilincing-jakarta-utara-oleh-lolita-18581739
Dijual cepat Lokasi pinggir jalan raya rumah Bangunan Lama di Semper Barat Cilincing Jak Ut,2850000000,5,2,12.391.304,Rumah Dijual,139,230,Tak Berperabot,,1,,2022-07-03,,,,,https://www.rumah.com/listing-properti/dijual-dijual-cepat-lokasi-pinggir-jalan-raya-rumah-bangunan-lama-di-semper-barat-cilincing-jak-ut-oleh-elizabeth-suryani-elza-19371031
Jual Cepat Rumah Murah Siap Huni Luas 84m di Cluster Ayana Rorotan Cilincing Jakarta Utara,870000000,3,1,10.357.143,Rumah Dijual,60,84,Sebagian,,1,,2022-06-26,-6.121428,106.947666,"https://maps.google.com/maps?ll=-6.121428,106.947666&z=16&t=m&hl=en-US&gl=US&mapclient=apiv3",,https://www.rumah.com/listing-properti/dijual-jual-cepat-rumah-murah-siap-huni-luas-84m-di-cluster-ayana-rorotan-cilincing-jakarta-utara-oleh-lolita-18581724
Jual Cepat Rumah Terawat siap huni dengan Luas 79m type 3KT Malaka Rorotan Cilincing Jakarta Utara,1500000000,3,2,18.987.342,Rumah Dijual,150,79,,,1,,2022-07-08,-6.14686,106.953827,"https://maps.google.com/maps?ll=-6.14686,106.953827&z=16&t=m&hl=en-US&gl=US&mapclient=apiv3",,https://www.rumah.com/listing-properti/dijual-jual-cepat-rumah-terawat-siap-huni-dengan-luas-79m-type-3kt-malaka-rorotan-cilincing-jakarta-utara-oleh-lolita-18101741
Jual Cepat Rumah Murah 2 Lantai Siap Huni Type Allora Nusa Kirana Rorotan Cilincing Jakarta Utara,1490000000,3,3,9.197.531,Rumah Dijual,112,162,Tak Berperabot,,1,,2022-07-08,,,,,https://www.rumah.com/listing-properti/dijual-jual-cepat-rumah-murah-2-lantai-siap-huni-type-allora-nusa-kirana-rorotan-cilincing-jakarta-utara-oleh-lolita-19940964
"Semper, Cilincing, Jakut",2800000000,5,3,7.909.605,Rumah Dijual,154,354,,,,,2022-06-19,-6.127272,106.929695,"https://maps.google.com/maps?ll=-6.127272,106.929695&z=16&t=m&hl=en-US&gl=US&mapclient=apiv3",,https://www.rumah.com/listing-properti/dijual-semper-cilincing-jakut-oleh-lia-tasman-18010370
Jual Cepat Rumah Murah 2 Lantai Siap Huni Luas 124m Di Nusa Kirana Rorotan Cilincing Jakarta Utara,1190000000,3,3,9.596.774,Rumah Dijual,89,124,,,1,,2022-07-08,-6.110166,106.944899,"https://maps.google.com/maps?ll=-6.110166,106.944899&z=16&t=m&hl=en-US&gl=US&mapclient=apiv3",,https://www.rumah.com/listing-properti/dijual-jual-cepat-rumah-murah-2-lantai-siap-huni-luas-124m-di-nusa-kirana-rorotan-cilincing-jakarta-utara-oleh-lolita-19938684
Jual Cepat Rumah 2 Lantai Siap Huni Luas 72m Type 4KT Malaka Permai Rorotan Cilincing Jakarta Utara,800000000,4,2,11.111.111,Rumah Dijual,150,72,,,1,,2022-07-10,-6.121428,106.947666,"https://maps.google.com/maps?ll=-6.121428,106.947666&z=16&t=m&hl=en-US&gl=US&mapclient=apiv3",,https://www.rumah.com/listing-properti/dijual-jual-cepat-rumah-2-lantai-siap-huni-luas-72m-type-4kt-malaka-permai-rorotan-cilincing-jakarta-utara-oleh-lolita-19012388
Jual Cepat Rumah Murah Cantik Siap Huni 2 1‚ÅÑ4 Lantai Semi Furnish di Green Garden Rorotan Cilincing,1250000000,4,4,12.755.102,Rumah Dijual,177,98,Sebagian,,1,,2022-07-03,-6.151445,106.950859,"https://maps.google.com/maps?ll=-6.151445,106.950859&z=16&t=m&hl=en-US&gl=US&mapclient=apiv3",,https://www.rumah.com/listing-properti/dijual-jual-cepat-rumah-murah-cantik-siap-huni-2-1-4-lantai-semi-furnish-di-green-garden-rorotan-cilincing-oleh-lolita-17093133
Jual Cepat Rumah Murah Siap Huni Luas 96m Type 3KT Cluster The Ayona Rorotan cilincing Jakarta utara,1100000000,3,2,11.458.333,Rumah Dijual,90,96,Sebagian,,1,,2022-06-12,-6.150919,106.957441,"https://maps.google.com/maps?ll=-6.150919,106.957441&z=16&t=m&hl=en-US&gl=US&mapclient=apiv3",,https://www.rumah.com/listing-properti/dijual-jual-cepat-rumah-murah-siap-huni-luas-96m-type-3kt-cluster-the-ayona-rorotan-cilincing-jakarta-utara-oleh-lolita-16891967
Jual Cepat Rumah Murah Siap Huni Luas 96m Type 3KT di Cluster The Ayona Rorotan Cilincing Jakarta ut,1100000000,3,2,11.458.333,Rumah Dijual,90,96,,,1,,2022-07-08,-6.110166,106.944899,"https://maps.google.com/maps?ll=-6.110166,106.944899&z=16&t=m&hl=en-US&gl=US&mapclient=apiv3",,https://www.rumah.com/listing-properti/dijual-jual-cepat-rumah-murah-siap-huni-luas-96m-type-3kt-di-cluster-the-ayona-rorotan-cilincing-jakarta-ut-oleh-lolita-20025493
"3 Bedrooms Rumah Cilincing, Jakarta Utara, DKI Jakarta",1150000000,3,2,8.712.121,Rumah Dijual,87,132,Tak Berperabot,,1,,2022-07-08,,,,,https://www.rumah.com/listing-properti/dijual-3-bedrooms-rumah-cilincing-jakarta-utara-dki-jakarta-oleh-irene-dwi-19516701
"4 Bedrooms Rumah Cilincing, Jakarta Utara, DKI Jakarta",1890000000,4,3,21.000.000,Rumah Dijual,200,90,,,,,2022-07-03,-6.110166,106.944899,"https://maps.google.com/maps?ll=-6.110166,106.944899&z=16&t=m&hl=en-US&gl=US&mapclient=apiv3",,https://www.rumah.com/listing-properti/dijual-4-bedrooms-rumah-cilincing-jakarta-utara-dki-jakarta-oleh-vivi-j-20236858
"3 Bedrooms Rumah Cilincing, Jakarta Utara, DKI Jakarta",1350000000,3,2,13.917.526,Rumah Dijual,134,97,,,,,2022-06-26,,,,,https://www.rumah.com/listing-properti/dijual-3-bedrooms-rumah-cilincing-jakarta-utara-dki-jakarta-oleh-vivi-j-18681522
Rumah modern baru renovasi full 2 lantai Imperial gading pelindo 2,3300000000,5,4,27.500.000,Rumah Dijual,220,120,,,,,2022-07-10,-6.110166,106.944899,"https://maps.google.com/maps?ll=-6.110166,106.944899&z=16&t=m&hl=en-US&gl=US&mapclient=apiv3",,https://www.rumah.com/listing-properti/dijual-rumah-modern-baru-renovasi-full-2-lantai-imperial-gading-pelindo-2-oleh-vivi-rusdiana-20279999
Parkspring Gading,1000000000,2,2,25.000.000,Rumah Dijual,56,40,Tak Berperabot,,1,,2022-07-07,-6.147113,106.941763,"https://maps.google.com/maps?ll=-6.147113,106.941763&z=16&t=m&hl=en-US&gl=US&mapclient=apiv3",,https://www.rumah.com/listing-properti/dijual-parkspring-gading-oleh-andrie-dwiyanto-20309217
"RUMAH BAGUS, SIAP HUNI DI KIRANA ROROTAN LEGACY CLUSTER NORFOLK AREA JAKARTA UTARA",1850000000,4,,8.726.415,Rumah Dijual,254,212,,,,,2022-07-04,,,,,https://www.rumah.com/listing-properti/dijual-rumah-bagus-siap-huni-di-kirana-rorotan-legacy-cluster-norfolk-area-jakarta-utara-oleh-handoko-setiono-18830561
Jakarta Utara,410000000,2,1,6.833.333,Rumah Dijual,36,60,Tak Berperabot,,1,,2022-07-08,-6.110166,106.944899,"https://maps.google.com/maps?ll=-6.110166,106.944899&z=16&t=m&hl=en-US&gl=US&mapclient=apiv3",,https://www.rumah.com/listing-properti/dijual-jakarta-utara-oleh-fakhri-al-mahdani-19998097
"RUMAH LINGKUNGAN ASRI LUAS 7, 3x17 m2 DI ROROTAN KIRANA LEGACY AREA JAKARTA UTARA",990000000,3,2,7.983.871,Rumah Dijual,148,124,,,,,2022-07-04,,,,,https://www.rumah.com/listing-properti/dijual-rumah-lingkungan-asri-luas-7-3x17-m2-di-rorotan-kirana-legacy-area-jakarta-utara-oleh-nining-bintoro-19614188
"Cluster Nordfolk, Kirana Rorotan Legancy",1150000000,3,3,9.274.194,Rumah Dijual,89,124,,,,,2022-07-09,,,,,https://www.rumah.com/listing-properti/dijual-cluster-nordfolk-kirana-rorotan-legancy-oleh-linda-cartie-16886038
Rumah Di Bawah Harga Pasar,2600000000,6,3,7.344.633,Rumah Dijual,154,354,,,6,,2022-07-08,,,,,https://www.rumah.com/listing-properti/dijual-rumah-di-bawah-harga-pasar-oleh-arnal-yustisia-17422715
gading griya,1900000000,4,3,21.111.111,Rumah Dijual,160,90,Tak Berperabot,,2,,2022-07-07,-6.147113,106.941763,"https://maps.google.com/maps?ll=-6.147113,106.941763&z=16&t=m&hl=en-US&gl=US&mapclient=apiv3",,https://www.rumah.com/listing-properti/dijual-gading-griya-oleh-gideon-go-20302495
Parkspring,2281541259,4,3,28.519.266,Rumah Dijual,112,80,Tak Berperabot,,2,,2022-07-06,-6.110166,106.944899,"https://maps.google.com/maps?ll=-6.110166,106.944899&z=16&t=m&hl=en-US&gl=US&mapclient=apiv3",,https://www.rumah.com/listing-properti/dijual-parkspring-oleh-erikcent-gunawan-20305275
Parkspring,1650492891,4,3,27.508.215,Rumah Dijual,91,60,Tak Berperabot,,1,,2022-07-06,-6.110166,106.944899,"https://maps.google.com/maps?ll=-6.110166,106.944899&z=16&t=m&hl=en-US&gl=US&mapclient=apiv3",,https://www.rumah.com/listing-properti/dijual-parkspring-oleh-erikcent-gunawan-20305158
Parkspring,899000000,2,1,22.475.000,Rumah Dijual,56,40,Tak Berperabot,,1,,2022-07-06,-6.147113,106.941763,"https://maps.google.com/maps?ll=-6.147113,106.941763&z=16&t=m&hl=en-US&gl=US&mapclient=apiv3",,https://www.rumah.com/listing-properti/dijual-parkspring-oleh-erikcent-gunawan-20304804
Dinual rumah BU daerah Marunda Jakarta Utara,900000000,2,2,10.714.286,Rumah Dijual,160,84,,,1,,2022-07-06,0.7893,113.9213,"https://maps.google.com/maps?ll=0.7893,113.9213&z=16&t=m&hl=en-US&gl=US&mapclient=apiv3",,https://www.rumah.com/listing-properti/dijual-dinual-rumah-bu-daerah-marunda-jakarta-utara-oleh-yeni-gaw-20301222
Jl. Tipar Cakung Semper Barat,2500000000,4,3,7.062.147,Rumah Dijual,154,354,,,6,,2022-07-05,0.7893,113.9213,"https://maps.google.com/maps?ll=0.7893,113.9213&z=16&t=m&hl=en-US&gl=US&mapclient=apiv3",,https://www.rumah.com/listing-properti/dijual-jl-tipar-cakung-semper-barat-oleh-iwang-iwang-18264166
Rumah Di Kirana Rorotan Legacy Cluster Norfolk Area Jakarta Utara,1400000000,5,4,9.150.327,Rumah Dijual,122,153,,,,,2022-07-04,,,,,https://www.rumah.com/listing-properti/dijual-rumah-di-kirana-rorotan-legacy-cluster-norfolk-area-jakarta-utara-oleh-nining-bintoro-18002783
Dijual rmh komplek walikota sukapura,1300000000,3,2,10.833.333,Rumah Dijual,150,120,,,,,2022-07-04,,,,,https://www.rumah.com/listing-properti/dijual-dijual-rmh-komplek-walikota-sukapura-oleh-lanny-gunawan-19310894
"Rumah 3 lantai siap huni luas 8x15 120m2 type 4KT di Perum Karyawan Pelindo II, Imperial Gading",2750000000,4,3,22.916.667,Rumah Dijual,240,120,,,2,,2022-07-04,,,,,https://www.rumah.com/listing-properti/dijual-rumah-3-lantai-siap-huni-luas-8x15-120m2-type-4kt-di-perum-karyawan-pelindo-ii-imperial-gading-oleh-devi-alexandra-19662948
Rumah di rorotan kirana luas 6x17 Type 2KT Cluster Royal Pines Jakarta Utara,950000000,2,1,9.313.725,Rumah Dijual,51,102,,,,,2022-07-04,-6.110166,106.944899,"https://maps.google.com/maps?ll=-6.110166,106.944899&z=16&t=m&hl=en-US&gl=US&mapclient=apiv3",,https://www.rumah.com/listing-properti/dijual-rumah-di-rorotan-kirana-luas-6x17-type-2kt-cluster-royal-pines-jakarta-utara-oleh-devi-alexandra-19842153
Rumah di nusa kirana luas 124m2 type 3KT Rorotan Jakarta Utara,1190000000,3,1,9.596.774,Rumah Dijual,89,124,,,1,,2022-07-04,-6.110166,106.944899,"https://maps.google.com/maps?ll=-6.110166,106.944899&z=16&t=m&hl=en-US&gl=US&mapclient=apiv3",,https://www.rumah.com/listing-properti/dijual-rumah-di-nusa-kirana-luas-124m2-type-3kt-rorotan-jakarta-utara-oleh-devi-alexandra-19923239
Rumah cluster nusa kirana luas 162m2 type allora 3KT Rorotan Jakarta Utara,1490000000,3,1,9.197.531,Rumah Dijual,112,162,,,,,2022-07-04,-6.110166,106.944899,"https://maps.google.com/maps?ll=-6.110166,106.944899&z=16&t=m&hl=en-US&gl=US&mapclient=apiv3",,https://www.rumah.com/listing-properti/dijual-rumah-cluster-nusa-kirana-luas-162m2-type-allora-3kt-rorotan-jakarta-utara-oleh-devi-alexandra-19926622
Dijual runah bekasi utara dekat jakarta,1500000,4,2,19.231,Rumah Dijual,97,78,Tak Berperabot,,,,2022-07-03,0.7893,113.9213,"https://maps.google.com/maps?ll=0.7893,113.9213&z=16&t=m&hl=en-US&gl=US&mapclient=apiv3",,https://www.rumah.com/listing-properti/dijual-dijual-runah-bekasi-utara-dekat-jakarta-oleh-budhi-rahayu-20289845
Dijual Rumah di Sukapura Kelapa Gading,1450000000,2,2,22.307.692,Rumah Dijual,100,65,,,1,,2022-07-03,0.7893,113.9213,"https://maps.google.com/maps?ll=0.7893,113.9213&z=16&t=m&hl=en-US&gl=US&mapclient=apiv3",,https://www.rumah.com/listing-properti/dijual-dijual-rumah-di-sukapura-kelapa-gading-oleh-hanna-19879217
"Dijual CEPAT Rumah mewah baru renovasi, Imperial gading pelindo (007)",3300000000,4,3,27.500.000,Rumah Dijual,220,120,Sebagian,,1,,2022-07-03,-6.159812,106.923563,"https://maps.google.com/maps?ll=-6.159812,106.923563&z=16&t=m&hl=en-US&gl=US&mapclient=apiv3",,https://www.rumah.com/listing-properti/dijual-dijual-cepat-rumah-mewah-baru-renovasi-imperial-gading-pelindo-007-oleh-yayat-20273795
"Dijual CEPAT Rumah mewah baru renovasi, Imperial gading pelindo (007)",3300000000,4,3,27.500.000,Rumah Dijual,220,120,Sebagian,,1,,2022-07-03,-6.159812,106.923563,"https://maps.google.com/maps?ll=-6.159812,106.923563&z=16&t=m&hl=en-US&gl=US&mapclient=apiv3",,https://www.rumah.com/listing-properti/dijual-dijual-cepat-rumah-mewah-baru-renovasi-imperial-gading-pelindo-007-oleh-lastri-20273612
"Dijual CEPAT Rumah mewah baru renovasi, Imperial gading pelindo (007)",3300000000,4,3,27.500.000,Rumah Dijual,220,120,Sebagian,,1,,2022-07-03,-6.159812,106.923563,"https://maps.google.com/maps?ll=-6.159812,106.923563&z=16&t=m&hl=en-US&gl=US&mapclient=apiv3",,https://www.rumah.com/listing-properti/dijual-dijual-cepat-rumah-mewah-baru-renovasi-imperial-gading-pelindo-007-oleh-nancy-20273582
"Dijual CEPAT Rumah mewah baru renovasi, Imperial gading pelindo (007)",3300000000,4,3,27.500.000,Rumah Dijual,220,120,Sebagian,,1,,2022-07-03,-6.159812,106.923563,"https://maps.google.com/maps?ll=-6.159812,106.923563&z=16&t=m&hl=en-US&gl=US&mapclient=apiv3",,https://www.rumah.com/listing-properti/dijual-dijual-cepat-rumah-mewah-baru-renovasi-imperial-gading-pelindo-007-oleh-victoria-20273546
"Dijual CEPAT Rumah mewah baru renovasi, Imperial gading pelindo (007)",3300000000,4,3,27.500.000,Rumah Dijual,220,120,Sebagian,,1,,2022-07-03,-6.159812,106.923563,"https://maps.google.com/maps?ll=-6.159812,106.923563&z=16&t=m&hl=en-US&gl=US&mapclient=apiv3",,https://www.rumah.com/listing-properti/dijual-dijual-cepat-rumah-mewah-baru-renovasi-imperial-gading-pelindo-007-oleh-hellen-20273513
"Dijual CEPAT Rumah mewah baru renovasi, Imperial gading pelindo (007)",3300000000,4,3,27.500.000,Rumah Dijual,220,120,Sebagian,,1,,2022-07-03,-6.159812,106.923563,"https://maps.google.com/maps?ll=-6.159812,106.923563&z=16&t=m&hl=en-US&gl=US&mapclient=apiv3",,https://www.rumah.com/listing-properti/dijual-dijual-cepat-rumah-mewah-baru-renovasi-imperial-gading-pelindo-007-oleh-debbyana-20273467
"Dijual Cepat dan Murah, Rumah Siap Huni, tidak banjir di Sukapura Jakarta Utara",2250000000,4,,25.000.000,Rumah Dijual,120,90,,,,,2022-07-03,,,,,https://www.rumah.com/listing-properti/dijual-dijual-cepat-dan-murah-rumah-siap-huni-tidak-banjir-di-sukapura-jakarta-utara-oleh-riani-hilia-18416075
Hunian 2 Lantai Cantik & Menawan Lokasi Super Strategis hanya 5 Menit Ke Jakarta Islamic Center.,659000000,2,1,12.921.569,Rumah Dijual,40,51,,,1,,2022-06-26,0.7893,113.9213,"https://maps.google.com/maps?ll=0.7893,113.9213&z=16&t=m&hl=en-US&gl=US&mapclient=apiv3",,https://www.rumah.com/listing-properti/dijual-hunian-2-lantai-cantik-menawan-lokasi-super-strategis-hanya-5-menit-ke-jakarta-islamic-center-oleh-yahya-abdullah-20123337
Dijual rumah bekasi utara dekat jakarta,1500000000,4,2,19.230.769,Rumah Dijual,97,78,,,1,,2022-06-26,0.7893,113.9213,"https://maps.google.com/maps?ll=0.7893,113.9213&z=16&t=m&hl=en-US&gl=US&mapclient=apiv3",,https://www.rumah.com/listing-properti/dijual-dijual-rumah-bekasi-utara-dekat-jakarta-oleh-budhi-rahayu-20241055
Dijual Murah Rumah Imperial Di Gading Pelindo 2 Jakarta Utara,3500000000,4,2,12.681.159,Rumah Dijual,130,276,Sebagian,,1,,2022-06-19,-6.159312,106.923188,"https://maps.google.com/maps?ll=-6.159312,106.923188&z=16&t=m&hl=en-US&gl=US&mapclient=apiv3",,https://www.rumah.com/listing-properti/dijual-dijual-murah-rumah-imperial-di-gading-pelindo-2-jakarta-utara-oleh-nancy-19720932
Di jual rumah kontrakan daerah cilingcing Jakarta Utara,4000000000,10,10,16.000.000,Rumah Dijual,260,250,,,,,2022-06-19,-6.110166,106.944899,"https://maps.google.com/maps?ll=-6.110166,106.944899&z=16&t=m&hl=en-US&gl=US&mapclient=apiv3",,https://www.rumah.com/listing-properti/dijual-di-jual-rumah-kontrakan-daerah-cilingcing-jakarta-utara-oleh-lina-19928599
Rumah Bagus Baru di Gading Griya Residence Sukapura,1675000000,3,3,2.481.481,Rumah Dijual,110,675,,,,,2022-06-12,-6.110166,106.944899,"https://maps.google.com/maps?ll=-6.110166,106.944899&z=16&t=m&hl=en-US&gl=US&mapclient=apiv3",,https://www.rumah.com/listing-properti/dijual-rumah-bagus-baru-di-gading-griya-residence-sukapura-oleh-yelly-saputra-19905958
Kirana Rorotan Jakarta utara,1450000000,4,4,9.477.124,Rumah Dijual,117,153,,,1,,2022-06-12,0.7893,113.9213,"https://maps.google.com/maps?ll=0.7893,113.9213&z=16&t=m&hl=en-US&gl=US&mapclient=apiv3",,https://www.rumah.com/listing-properti/dijual-kirana-rorotan-jakarta-utara-oleh-iin-maria-19366560
Malaka raya,1050000000,5,4,9.375.000,Rumah Dijual,250,112,Tak Berperabot,,1,,2022-06-10,-6.104635,106.915202,"https://maps.google.com/maps?ll=-6.104635,106.915202&z=16&t=m&hl=en-US&gl=US&mapclient=apiv3",,https://www.rumah.com/listing-properti/dijual-malaka-raya-oleh-aprilia-yansyah-20180436
Rumah tingkat nyaman di sukapura jakut,2250000000,5,2,17.441.860,Rumah Dijual,200,129,,,2,,2022-06-10,,,,,https://www.rumah.com/listing-properti/dijual-rumah-tingkat-nyaman-di-sukapura-jakut-oleh-sri-wahyuni-yuni-18049615
gading griya residence,1675000000,3,3,25.000.000,Rumah Dijual,100,67,Tak Berperabot,,1,,2022-06-10,-6.140062,106.919313,"https://maps.google.com/maps?ll=-6.140062,106.919313&z=18&t=m&hl=en-US&gl=US&mapclient=apiv3",,https://www.rumah.com/listing-properti/dijual-gading-griya-residence-oleh-nita-19238340
"Clincing, Jakarta Utara",1675000000,3,3,25.000.000,Rumah Dijual,90,67,,,,,2022-06-10,-6.110166,106.944899,"https://maps.google.com/maps?ll=-6.110166,106.944899&z=16&t=m&hl=en-US&gl=US&mapclient=apiv3",,https://www.rumah.com/listing-properti/dijual-clincing-jakarta-utara-oleh-obbie-20176751
"Clincing, Jakarta Utara",1675000000,3,3,22.333.333,Rumah Dijual,90,75,,,,,2022-06-10,-6.110166,106.944899,"https://maps.google.com/maps?ll=-6.110166,106.944899&z=16&t=m&hl=en-US&gl=US&mapclient=apiv3",,https://www.rumah.com/listing-properti/dijual-clincing-jakarta-utara-oleh-obbie-20176270
"Clincing, Jakarta Utara",1750000000,3,2,30.701.754,Rumah Dijual,70,57,,,,,2022-06-10,-6.110166,106.944899,"https://maps.google.com/maps?ll=-6.110166,106.944899&z=16&t=m&hl=en-US&gl=US&mapclient=apiv3",,https://www.rumah.com/listing-properti/dijual-clincing-jakarta-utara-oleh-obbie-20175926
"Clincing, Jakarta Utara",1750000000,3,2,30.701.754,Rumah Dijual,70,57,,,,,2022-06-10,-6.110166,106.944899,"https://maps.google.com/maps?ll=-6.110166,106.944899&z=16&t=m&hl=en-US&gl=US&mapclient=apiv3",,https://www.rumah.com/listing-properti/dijual-clincing-jakarta-utara-oleh-obbie-20175662
DiJUAL rumah bagus Dan nyaman di daerah Marunda,900000000,2,3,10.714.286,Rumah Dijual,160,84,,,,,2022-07-09,-6.110166,106.944899,"https://maps.google.com/maps?ll=-6.110166,106.944899&z=16&t=m&hl=en-US&gl=US&mapclient=apiv3",,https://www.rumah.com/listing-properti/dijual-dijual-rumah-bagus-dan-nyaman-di-daerah-marunda-oleh-ria-20319176
Rumah luas harga kilau di semper jakarta utara (L0507),2500000000,4,2,7.062.147,Rumah Dijual,154,354,Tak Berperabot,,3,,2022-06-26,-6.110166,106.944899,"https://maps.google.com/maps?ll=-6.110166,106.944899&z=16&t=m&hl=en-US&gl=US&mapclient=apiv3",,https://www.rumah.com/listing-properti/dijual-rumah-luas-harga-kilau-di-semper-jakarta-utara-l0507-oleh-sri-wahyuni-yuni-19999287
Dijual rumah bagus dan nyaman di daerah Marunda,1050000000,2,3,12.500.000,Rumah Dijual,160,84,,,,,2022-06-26,-6.110166,106.944899,"https://maps.google.com/maps?ll=-6.110166,106.944899&z=16&t=m&hl=en-US&gl=US&mapclient=apiv3",,https://www.rumah.com/listing-properti/dijual-dijual-rumah-bagus-dan-nyaman-di-daerah-marunda-oleh-ika-20233765
DiJUAL rumah bagus Dan nyaman di daerah Marunda,1050000000,2,3,12.500.000,Rumah Dijual,160,84,,,,,2022-06-26,-6.110166,106.944899,"https://maps.google.com/maps?ll=-6.110166,106.944899&z=16&t=m&hl=en-US&gl=US&mapclient=apiv3",,https://www.rumah.com/listing-properti/dijual-dijual-rumah-bagus-dan-nyaman-di-daerah-marunda-oleh-obbie-20232061
Rorotan malaka,1100000000,4,3,9.565.217,Rumah Dijual,120,115,Tak Berperabot,,2,,2022-06-26,0.7893,113.9213,"https://maps.google.com/maps?ll=0.7893,113.9213&z=16&t=m&hl=en-US&gl=US&mapclient=apiv3",,https://www.rumah.com/listing-properti/dijual-rorotan-malaka-oleh-marlin-wardana-19450754
Rumah baru di Rorotan dekat AEON Mall Jakarta Timur,837000000,3,2,13.950.000,Rumah Dijual,60,60,,,1,,2022-06-19,0.7893,113.9213,"https://maps.google.com/maps?ll=0.7893,113.9213&z=16&t=m&hl=en-US&gl=US&mapclient=apiv3",,https://www.rumah.com/listing-properti/dijual-rumah-baru-di-rorotan-dekat-aeon-mall-jakarta-timur-oleh-akhsan-maulana-19770319
Berkonsep Industrial 10 Menit dari Marunda,370000000,2,1,6.166.667,Rumah Dijual,36,60,Sebagian,,1,,2022-07-08,-6.110166,106.944899,"https://maps.google.com/maps?ll=-6.110166,106.944899&z=16&t=m&hl=en-US&gl=US&mapclient=apiv3",,https://www.rumah.com/listing-properti/dijual-berkonsep-industrial-10-menit-dari-marunda-oleh-abdul-roby-19729029
Dijual 1 unit Rumah Mewah siap huni di bukit gading villa Jakarta Utara,25000000000,7,5,49.504.950,Rumah Dijual,490,505,,,,,2022-07-03,-6.110166,106.944899,"https://maps.google.com/maps?ll=-6.110166,106.944899&z=16&t=m&hl=en-US&gl=US&mapclient=apiv3",,https://www.rumah.com/listing-properti/dijual-dijual-1-unit-rumah-mewah-siap-huni-di-bukit-gading-villa-jakarta-utara-oleh-s-yanti-20277562
Komp Bea Cukai Sukapura,2500000000,3,2,19.230.769,Rumah Dijual,100,130,Tak Berperabot,,1,,2022-07-03,,,,,https://www.rumah.com/listing-properti/dijual-komp-bea-cukai-sukapura-oleh-agus-prio-17412287
Rumah tinggal ditengah kota Jakarta harga bombastis,2275000000,3,1,9.479.167,Rumah Dijual,100,240,Tak Berperabot,,2,,2022-07-03,0.7893,113.9213,"https://maps.google.com/maps?ll=0.7893,113.9213&z=16&t=m&hl=en-US&gl=US&mapclient=apiv3",,https://www.rumah.com/listing-properti/dijual-rumah-tinggal-ditengah-kota-jakarta-harga-bombastis-oleh-handayani-19400682
Jl. Tipar cakung,1200000000,Studio,0,9.160.305,Rumah Dijual,110,131,,,2,,2022-07-03,0.7893,113.9213,"https://maps.google.com/maps?ll=0.7893,113.9213&z=16&t=m&hl=en-US&gl=US&mapclient=apiv3",,https://www.rumah.com/listing-properti/dijual-jl-tipar-cakung-oleh-eli-19752707
Rorotan malaka,400000000,2,1,7.272.727,Rumah Dijual,55,55,,,1,,2022-06-26,0.7893,113.9213,"https://maps.google.com/maps?ll=0.7893,113.9213&z=16&t=m&hl=en-US&gl=US&mapclient=apiv3",,https://www.rumah.com/listing-properti/dijual-rorotan-malaka-oleh-marlin-wardana-19461851
Jalan rorotan jakarta utara,1600000000,4,2,7.619.048,Rumah Dijual,180,210,,,3,,2022-06-26,0.7893,113.9213,"https://maps.google.com/maps?ll=0.7893,113.9213&z=16&t=m&hl=en-US&gl=US&mapclient=apiv3",,https://www.rumah.com/listing-properti/dijual-jalan-rorotan-jakarta-utara-oleh-hafiy-20069782
La Seine,2695350000,3,3,19.818.750,Rumah Dijual,69,136,Tak Berperabot,,2,,2022-06-19,-6.170918,106.959444,"https://maps.google.com/maps?ll=-6.170918,106.959444&z=16&t=m&hl=en-US&gl=US&mapclient=apiv3",,https://www.rumah.com/listing-properti/dijual-la-seine-oleh-danny-daniel-5905793
Dijual Sumah Simpang Lima Semper,1300000000,3,1,8.666.667,Rumah Dijual,90,150,Tak Berperabot,,1,,2022-07-09,,,,,https://www.rumah.com/listing-properti/dijual-dijual-sumah-simpang-lima-semper-oleh-lisa-yulianti-c-18937203
Rumah Baru Taman Modern Cakung,2900000000,4,4,14.500.000,Rumah Dijual,180,200,Tak Berperabot,,3,,2022-07-03,0.7893,113.9213,"https://maps.google.com/maps?ll=0.7893,113.9213&z=16&t=m&hl=en-US&gl=US&mapclient=apiv3",,https://www.rumah.com/listing-properti/dijual-rumah-baru-taman-modern-cakung-oleh-sessu-19977552
Nusantara Indah,899999999,4,2,9.000.000,Rumah Dijual,150,100,,,,,2022-07-09,-6.157052,106.958059,"https://maps.google.com/maps?ll=-6.157052,106.958059&z=16&t=m&hl=en-US&gl=US&mapclient=apiv3",,https://www.rumah.com/listing-properti/dijual-nusantara-indah-oleh-sri-wahyuni-yuni-19264237
Jual Cepat Rumah Brand New Murah Siap Huni Dengan Luas 5x15 Permata Residence Rorotan Jakarta Utara,850000000,2,1,11.333.333,Rumah Dijual,54,75,Tak Berperabot,,1,,2022-07-10,-6.121428,106.947666,"https://maps.google.com/maps?ll=-6.121428,106.947666&z=16&t=m&hl=en-US&gl=US&mapclient=apiv3",,https://www.rumah.com/listing-properti/dijual-jual-cepat-rumah-brand-new-murah-siap-huni-dengan-luas-5x15-permata-residence-rorotan-jakarta-utara-oleh-lolita-18430311
Rumah di rorotan kirana dengan luas 6x17 102m2 Type 2KT Cluster Royal Pines Jakarta Utara,950000000,2,1,9.313.725,Rumah Dijual,51,102,Tak Berperabot,,1,,2022-07-03,-6.110166,106.944899,"https://maps.google.com/maps?ll=-6.110166,106.944899&z=16&t=m&hl=en-US&gl=US&mapclient=apiv3",,https://www.rumah.com/listing-properti/dijual-rumah-di-rorotan-kirana-dengan-luas-6x17-102m2-type-2kt-cluster-royal-pines-jakarta-utara-oleh-adi-sanjaya-19853910
Jalan malaka rorotan jakarta utara,652000000,2,1,12.538.462,Rumah Dijual,70,52,Tak Berperabot,,1,,2022-06-26,0.7893,113.9213,"https://maps.google.com/maps?ll=0.7893,113.9213&z=16&t=m&hl=en-US&gl=US&mapclient=apiv3",,https://www.rumah.com/listing-properti/dijual-jalan-malaka-rorotan-jakarta-utara-oleh-hafiy-19881261
Dijual ruko 2 unit,1100000000,3,2,16.176.471,Rumah Dijual,120,68,Tak Berperabot,,1,,2022-06-26,,,,,https://www.rumah.com/listing-properti/dijual-dijual-ruko-2-unit-oleh-hafiy-19620842
Jalan malaka jaya jakarta utara,800000000,3,2,8.000.000,Rumah Dijual,150,100,Tak Berperabot,,1,,2022-06-26,0.7893,113.9213,"https://maps.google.com/maps?ll=0.7893,113.9213&z=16&t=m&hl=en-US&gl=US&mapclient=apiv3",,https://www.rumah.com/listing-properti/dijual-jalan-malaka-jaya-jakarta-utara-oleh-hafiy-19719952
Rorotan,850000000,3,2,14.166.667,Rumah Dijual,90,60,Lengkap,,1,,2022-06-26,-6.110166,106.944899,"https://maps.google.com/maps?ll=-6.110166,106.944899&z=16&t=m&hl=en-US&gl=US&mapclient=apiv3",,https://www.rumah.com/listing-properti/dijual-rorotan-oleh-hans-18905354
gading griya lestari,1100000000,2,1,12.222.222,Rumah Dijual,58,90,,,,,2022-06-26,-6.110166,106.944899,"https://maps.google.com/maps?ll=-6.110166,106.944899&z=16&t=m&hl=en-US&gl=US&mapclient=apiv3",,https://www.rumah.com/listing-properti/dijual-gading-griya-lestari-oleh-tiur-20214357
"IMPERIAL GADING SUKAPURA, Jkt Utara : The Atmosphere Of Modern Elegance",3700000000,5,4,18.500.000,Rumah Dijual,144,200,Sebagian,,2,,2022-06-26,,,,,https://www.rumah.com/listing-properti/dijual-imperial-gading-sukapura-jkt-utara-the-atmosphere-of-modern-elegance-oleh-samsul-maarif-18383028
gading griya lestari,1100000000,2,1,12.222.222,Rumah Dijual,58,90,,,,,2022-06-19,-6.110166,106.944899,"https://maps.google.com/maps?ll=-6.110166,106.944899&z=16&t=m&hl=en-US&gl=US&mapclient=apiv3",,https://www.rumah.com/listing-properti/dijual-gading-griya-lestari-oleh-ria-20213919
Cluster Wisteria By Keppel Land Dan Metland Menteng,1900000000,3,3,22.619.048,Rumah Dijual,79,84,Tak Berperabot,,,,2022-06-19,-6.14268,106.939424,"https://maps.google.com/maps?ll=-6.14268,106.939424&z=16&t=m&hl=en-US&gl=US&mapclient=apiv3",,https://www.rumah.com/listing-properti/dijual-cluster-wisteria-by-keppel-land-dan-metland-menteng-oleh-irene-dwi-16832284
Rumah murah dan bagus di Semper Barat Jakarta Utara,2600000000,6,3,7.344.633,Rumah Dijual,154,354,Tak Berperabot,,5,,2022-06-19,,,,,https://www.rumah.com/listing-properti/dijual-rumah-murah-dan-bagus-di-semper-barat-jakarta-utara-oleh-prio-purnomo-18808136
Di Jual Rumah di Gading Griya Lestari. Jakarta Utara,1100000000,2,1,12.222.222,Rumah Dijual,58,90,,,,,2022-06-19,-6.110166,106.944899,"https://maps.google.com/maps?ll=-6.110166,106.944899&z=16&t=m&hl=en-US&gl=US&mapclient=apiv3",,https://www.rumah.com/listing-properti/dijual-di-jual-rumah-di-gading-griya-lestari-jakarta-utara-oleh-carmelya-tan-20203462
Minicluster Clincing,440000000,2,1,11.000.000,Rumah Dijual,35,40,Tak Berperabot,,,,2022-06-19,0.7893,113.9213,"https://maps.google.com/maps?ll=0.7893,113.9213&z=16&t=m&hl=en-US&gl=US&mapclient=apiv3",,https://www.rumah.com/listing-properti/dijual-minicluster-clincing-oleh-syafitri-indriyani-19062803
Di Jual Rumah di Gading Griya Lestari. Jakarta Utara,1100000000,2,1,12.222.222,Rumah Dijual,58,90,,,1,,2022-06-19,-6.110166,106.944899,"https://maps.google.com/maps?ll=-6.110166,106.944899&z=16&t=m&hl=en-US&gl=US&mapclient=apiv3",,https://www.rumah.com/listing-properti/dijual-di-jual-rumah-di-gading-griya-lestari-jakarta-utara-oleh-yelly-saputra-20190933
Gading griya Lestari,1325000000,2,1,20.384.615,Rumah Dijual,100,65,Tak Berperabot,,1,,2022-06-12,0.7893,113.9213,"https://maps.google.com/maps?ll=0.7893,113.9213&z=16&t=m&hl=en-US&gl=US&mapclient=apiv3",,https://www.rumah.com/listing-properti/dijual-gading-griya-lestari-oleh-aina-18386902
Rumah 2 lantai di marunda baru jakarta utara,850000000,3,2,9.659.091,Rumah Dijual,150,88,Tak Berperabot,,1,,2022-06-10,0.7893,113.9213,"https://maps.google.com/maps?ll=0.7893,113.9213&z=16&t=m&hl=en-US&gl=US&mapclient=apiv3",,https://www.rumah.com/listing-properti/dijual-rumah-2-lantai-di-marunda-baru-jakarta-utara-oleh-hafiy-19724624
Mutiara Rorotan,1050000000,5,4,9.375.000,Rumah Dijual,250,112,Tak Berperabot,,1,,2022-06-10,-6.15597,106.962331,"https://maps.google.com/maps?ll=-6.15597,106.962331&z=16&t=m&hl=en-US&gl=US&mapclient=apiv3",,https://www.rumah.com/listing-properti/dijual-mutiara-rorotan-oleh-ferry-yansyah-20180926
Kelapa gading,828175000,3,2,13.802.917,Rumah Dijual,60,60,Tak Berperabot,,1,,2022-07-09,-6.149187,106.903063,"https://maps.google.com/maps?ll=-6.149187,106.903063&z=16&t=m&hl=en-US&gl=US&mapclient=apiv3",,https://www.rumah.com/listing-properti/dijual-kelapa-gading-oleh-widi-ispiono-19703446
"Rumah dijual dibekasi, Cicilan 3jutaan di Segara City",700000000,2,1,17.948.718,Rumah Dijual,75,39,,,1,,2022-07-03,0.7893,113.9213,"https://maps.google.com/maps?ll=0.7893,113.9213&z=16&t=m&hl=en-US&gl=US&mapclient=apiv3",,https://www.rumah.com/listing-properti/dijual-rumah-dijual-dibekasi-cicilan-3jutaan-di-segara-city-oleh-nay-19722470
"Dijual Rumah di Jln Walet Tipar Selatan, Semper Jakarta Utara",1100000000,3,2,14.285.714,Rumah Dijual,90,77,Tak Berperabot,,1,,2022-06-26,-6.110166,106.944899,"https://maps.google.com/maps?ll=-6.110166,106.944899&z=16&t=m&hl=en-US&gl=US&mapclient=apiv3",,https://www.rumah.com/listing-properti/dijual-dijual-rumah-di-jln-walet-tipar-selatan-semper-jakarta-utara-oleh-iqbal-19827718
Jalan kali baru jakarta utara,330000000,2,1,6.600.000,Rumah Dijual,100,50,,,,,2022-06-10,0.7893,113.9213,"https://maps.google.com/maps?ll=0.7893,113.9213&z=16&t=m&hl=en-US&gl=US&mapclient=apiv3",,https://www.rumah.com/listing-properti/dijual-jalan-kali-baru-jakarta-utara-oleh-hafiy-19847148
Dijual rumah bagus di Imperial Gading Cluster St Peter,2700000000,3,2,22.131.148,Rumah Dijual,230,122,Lengkap,,1,,2022-07-08,-6.110166,106.944899,"https://maps.google.com/maps?ll=-6.110166,106.944899&z=16&t=m&hl=en-US&gl=US&mapclient=apiv3",,https://www.rumah.com/listing-properti/dijual-dijual-rumah-bagus-di-imperial-gading-cluster-st-peter-oleh-meyati-20315796
Rumah Tengah Kota Medan,1200000000,3,2,10.256.410,Rumah Dijual,150,117,Lengkap,,2,,2022-06-26,3.604338,98.663999,"https://maps.google.com/maps?ll=3.604338,98.663999&z=16&t=m&hl=en-US&gl=US&mapclient=apiv3",,https://www.rumah.com/listing-properti/dijual-rumah-tengah-kota-medan-oleh-mariza-iswa-putri-19774781
Dijual Rumah Perumahan Jakarta Garden City,1650000000,4,3,22.000.000,Rumah Dijual,90,75,Tak Berperabot,,1,,2022-06-19,,,,,https://www.rumah.com/listing-properti/dijual-dijual-rumah-perumahan-jakarta-garden-city-oleh-rini-yusnita-18601495
"Rumah Di Jual Green Garden, Rorotan, Jakarta Utara",3000000000,5,3,20.000.000,Rumah Dijual,250,150,Sebagian,,2,,2022-06-19,-6.157937,106.948563,"https://maps.google.com/maps?ll=-6.157937,106.948563&z=16&t=m&hl=en-US&gl=US&mapclient=apiv3",,https://www.rumah.com/listing-properti/dijual-rumah-di-jual-green-garden-rorotan-jakarta-utara-oleh-rini-yusnita-18404776
Jakarta Garden City,2900000000,2,3,32.222.222,Rumah Dijual,87,90,,,1,2022-12-01,2022-07-09,-6.178585,106.95334,"https://maps.google.com/maps?ll=-6.178585,106.95334&z=16&t=m&hl=en-US&gl=US&mapclient=apiv3",PT Modernland Realty Tbk,https://www.rumah.com/listing-properti/dijual-jakarta-garden-city-oleh-rita-herlina-19891703
Jakarta Garden City,3100000000,4,4,29.523.810,Rumah Dijual,126,105,,,2,2022-12-01,2022-07-09,-6.178585,106.95334,"https://maps.google.com/maps?ll=-6.178585,106.95334&z=16&t=m&hl=en-US&gl=US&mapclient=apiv3",PT Modernland Realty Tbk,https://www.rumah.com/listing-properti/dijual-jakarta-garden-city-oleh-rita-herlina-19906830
Jakarta Garden City,3000000000,3,3,26.785.714,Rumah Dijual,105,112,,,2,2022-12-01,2022-07-09,-6.178585,106.95334,"https://maps.google.com/maps?ll=-6.178585,106.95334&z=16&t=m&hl=en-US&gl=US&mapclient=apiv3",PT Modernland Realty Tbk,https://www.rumah.com/listing-properti/dijual-jakarta-garden-city-oleh-rita-herlina-19892071
Rumah Dijual Murah di Cluster Shinano Jakarta Garden City,1650000000,3,2,18.333.333,Rumah Dijual,68,90,Tak Berperabot,,2,,2022-07-10,-6.178626,106.953344,"https://maps.google.com/maps?ll=-6.178626,106.953344&z=16&t=m&hl=en-US&gl=US&mapclient=apiv3",,https://www.rumah.com/listing-properti/dijual-rumah-dijual-murah-di-cluster-shinano-jakarta-garden-city-oleh-lastri-19669746
Jakarta Garden City,3500000000,3,3,33.333.333,Rumah Dijual,158,105,Tak Berperabot,,2,2022-12-01,2022-07-08,-6.178585,106.95334,"https://maps.google.com/maps?ll=-6.178585,106.95334&z=16&t=m&hl=en-US&gl=US&mapclient=apiv3",PT Modernland Realty Tbk,https://www.rumah.com/listing-properti/dijual-jakarta-garden-city-oleh-aileen-19945385
Jakarta Garden City,3500000000,4,4,31.250.000,Rumah Dijual,156,112,Tak Berperabot,,3,2022-12-01,2022-07-05,-6.178585,106.95334,"https://maps.google.com/maps?ll=-6.178585,106.95334&z=16&t=m&hl=en-US&gl=US&mapclient=apiv3",PT Modernland Realty Tbk,https://www.rumah.com/listing-properti/dijual-jakarta-garden-city-oleh-aileen-19947469
Dijual cepat Yarra mezzanine hadap timur di Jakarta Garden City/JGC,1550000000,5,2,17.222.222,Rumah Dijual,58,90,Tak Berperabot,,2,,2022-07-09,-6.178626,106.953344,"https://maps.google.com/maps?ll=-6.178626,106.953344&z=16&t=m&hl=en-US&gl=US&mapclient=apiv3",,https://www.rumah.com/listing-properti/dijual-dijual-cepat-yarra-mezzanine-hadap-timur-di-jakarta-garden-city-jgc-oleh-lusia-ester-18051472
Jakarta Garden City,1700000000,4,4,16.190.476,Rumah Dijual,89,105,Tak Berperabot,,1,2022-12-01,2022-07-08,-6.178585,106.95334,"https://maps.google.com/maps?ll=-6.178585,106.95334&z=16&t=m&hl=en-US&gl=US&mapclient=apiv3",PT Modernland Realty Tbk,https://www.rumah.com/listing-properti/dijual-jakarta-garden-city-oleh-andika-adhi-pradana-20310448
Jakarta Garden City,2600000000,3,2,21.666.667,Rumah Dijual,120,120,,,,2022-12-01,2022-07-07,-6.178585,106.95334,"https://maps.google.com/maps?ll=-6.178585,106.95334&z=16&t=m&hl=en-US&gl=US&mapclient=apiv3",PT Modernland Realty Tbk,https://www.rumah.com/listing-properti/dijual-jakarta-garden-city-oleh-dessy-sagita-20180339
Jakarta Garden City,1950000000,2,3,21.666.667,Rumah Dijual,75,90,,,1,2022-12-01,2022-07-09,-6.178585,106.95334,"https://maps.google.com/maps?ll=-6.178585,106.95334&z=16&t=m&hl=en-US&gl=US&mapclient=apiv3",PT Modernland Realty Tbk,https://www.rumah.com/listing-properti/dijual-jakarta-garden-city-oleh-yenli-20319706
Jakarta Garden City,4200000000,3,4,25.000.000,Rumah Dijual,147,168,,,4,2022-12-01,2022-07-09,-6.178585,106.95334,"https://maps.google.com/maps?ll=-6.178585,106.95334&z=16&t=m&hl=en-US&gl=US&mapclient=apiv3",PT Modernland Realty Tbk,https://www.rumah.com/listing-properti/dijual-jakarta-garden-city-oleh-rita-herlina-19086477
Jakarta Garden City,3450000000,3,3,30.803.571,Rumah Dijual,105,112,,,,2022-12-01,2022-07-09,-6.178585,106.95334,"https://maps.google.com/maps?ll=-6.178585,106.95334&z=16&t=m&hl=en-US&gl=US&mapclient=apiv3",PT Modernland Realty Tbk,https://www.rumah.com/listing-properti/dijual-jakarta-garden-city-oleh-rita-herlina-19092116
Jakarta Garden City,2300000000,2,3,27.380.952,Rumah Dijual,80,84,,,2,2022-12-01,2022-07-09,-6.178585,106.95334,"https://maps.google.com/maps?ll=-6.178585,106.95334&z=16&t=m&hl=en-US&gl=US&mapclient=apiv3",PT Modernland Realty Tbk,https://www.rumah.com/listing-properti/dijual-jakarta-garden-city-oleh-rita-herlina-19902068
Jakarta Garden City,4700000000,6,5,21.363.636,Rumah Dijual,250,220,Sebagian,,2,2022-12-01,2022-07-09,-6.178585,106.95334,"https://maps.google.com/maps?ll=-6.178585,106.95334&z=16&t=m&hl=en-US&gl=US&mapclient=apiv3",PT Modernland Realty Tbk,https://www.rumah.com/listing-properti/dijual-jakarta-garden-city-oleh-lianny-20036776
Jakarta Garden City,5500000000,5,4,22.916.667,Rumah Dijual,270,240,Sebagian,,2,2022-12-01,2022-07-09,-6.178585,106.95334,"https://maps.google.com/maps?ll=-6.178585,106.95334&z=16&t=m&hl=en-US&gl=US&mapclient=apiv3",PT Modernland Realty Tbk,https://www.rumah.com/listing-properti/dijual-jakarta-garden-city-oleh-lianny-20030381
Jakarta Garden City,2750000000,4,4,24.553.571,Rumah Dijual,170,112,Sebagian,,2,2022-12-01,2022-07-09,-6.178585,106.95334,"https://maps.google.com/maps?ll=-6.178585,106.95334&z=16&t=m&hl=en-US&gl=US&mapclient=apiv3",PT Modernland Realty Tbk,https://www.rumah.com/listing-properti/dijual-jakarta-garden-city-oleh-lianny-20030471
Jakarta Garden City,4700000000,5,5,18.800.000,Rumah Dijual,148,250,,,2,2022-12-01,2022-07-09,-6.178585,106.95334,"https://maps.google.com/maps?ll=-6.178585,106.95334&z=16&t=m&hl=en-US&gl=US&mapclient=apiv3",PT Modernland Realty Tbk,https://www.rumah.com/listing-properti/dijual-jakarta-garden-city-oleh-lianny-20036784
Jakarta Garden City,5000000000,4,3,22.727.273,Rumah Dijual,250,220,Sebagian,,3,2022-12-01,2022-07-09,-6.178585,106.95334,"https://maps.google.com/maps?ll=-6.178585,106.95334&z=16&t=m&hl=en-US&gl=US&mapclient=apiv3",PT Modernland Realty Tbk,https://www.rumah.com/listing-properti/dijual-jakarta-garden-city-oleh-lianny-20036767
Jakarta Garden City,1825000000,4,3,20.277.778,Rumah Dijual,125,90,Sebagian,,1,2022-12-01,2022-07-08,-6.178585,106.95334,"https://maps.google.com/maps?ll=-6.178585,106.95334&z=16&t=m&hl=en-US&gl=US&mapclient=apiv3",PT Modernland Realty Tbk,https://www.rumah.com/listing-properti/dijual-jakarta-garden-city-oleh-diego-19342845
Jakarta Garden City,3600000000,4,4,36.734.694,Rumah Dijual,126,98,,,,2022-12-01,2022-07-07,-6.178585,106.95334,"https://maps.google.com/maps?ll=-6.178585,106.95334&z=16&t=m&hl=en-US&gl=US&mapclient=apiv3",PT Modernland Realty Tbk,https://www.rumah.com/listing-properti/dijual-jakarta-garden-city-oleh-devi-alexandra-20306758
Rumah Kp tanah baru Pantai makmur,280000000,3,2,4.666.667,Rumah Dijual,48,60,,,1,,2022-07-06,,,,,https://www.rumah.com/listing-properti/dijual-rumah-kp-tanah-baru-pantai-makmur-oleh-hamzah-hamzah-18674754
Jakarta Garden City,2200000000,3,2,21.568.627,Rumah Dijual,76,102,,,,2022-12-01,2022-07-05,-6.178585,106.95334,"https://maps.google.com/maps?ll=-6.178585,106.95334&z=16&t=m&hl=en-US&gl=US&mapclient=apiv3",PT Modernland Realty Tbk,https://www.rumah.com/listing-properti/dijual-jakarta-garden-city-oleh-ria-20298004
Jakarta Garden City,2100000000,2,2,23.333.333,Rumah Dijual,72,90,,,,2022-12-01,2022-07-05,-6.178585,106.95334,"https://maps.google.com/maps?ll=-6.178585,106.95334&z=16&t=m&hl=en-US&gl=US&mapclient=apiv3",PT Modernland Realty Tbk,https://www.rumah.com/listing-properti/dijual-jakarta-garden-city-oleh-ria-20297967
Jakarta Garden City,2150000000,3,1,23.888.889,Rumah Dijual,63,90,,,2,2022-12-01,2022-07-05,-6.178585,106.95334,"https://maps.google.com/maps?ll=-6.178585,106.95334&z=16&t=m&hl=en-US&gl=US&mapclient=apiv3",PT Modernland Realty Tbk,https://www.rumah.com/listing-properti/dijual-jakarta-garden-city-oleh-ria-20298077
Jakarta Garden City,2700000000,3,2,30.000.000,Rumah Dijual,90,90,Sebagian,,,2022-12-01,2022-07-05,,,,PT Modernland Realty Tbk,https://www.rumah.com/listing-properti/dijual-jakarta-garden-city-oleh-ria-20298130
Jakarta Garden City,3000000000,4,4,20.000.000,Rumah Dijual,200,150,Lengkap,,1,2022-12-01,2022-07-05,-6.178585,106.95334,"https://maps.google.com/maps?ll=-6.178585,106.95334&z=16&t=m&hl=en-US&gl=US&mapclient=apiv3",PT Modernland Realty Tbk,https://www.rumah.com/listing-properti/dijual-jakarta-garden-city-oleh-ria-20298214
Jakarta Garden City,2200000000,3,3,20.000.000,Rumah Dijual,200,110,,,,2022-12-01,2022-07-05,-6.178585,106.95334,"https://maps.google.com/maps?ll=-6.178585,106.95334&z=16&t=m&hl=en-US&gl=US&mapclient=apiv3",PT Modernland Realty Tbk,https://www.rumah.com/listing-properti/dijual-jakarta-garden-city-oleh-yenli-20298577
Jakarta Garden City,2200000000,3,2,21.568.627,Rumah Dijual,76,102,,,,2022-12-01,2022-07-05,-6.178585,106.95334,"https://maps.google.com/maps?ll=-6.178585,106.95334&z=16&t=m&hl=en-US&gl=US&mapclient=apiv3",PT Modernland Realty Tbk,https://www.rumah.com/listing-properti/dijual-jakarta-garden-city-oleh-tiur-20298310
Jakarta Garden City,3000000000,4,4,20.000.000,Rumah Dijual,200,150,Lengkap,,1,2022-12-01,2022-07-05,-6.178585,106.95334,"https://maps.google.com/maps?ll=-6.178585,106.95334&z=16&t=m&hl=en-US&gl=US&mapclient=apiv3",PT Modernland Realty Tbk,https://www.rumah.com/listing-properti/dijual-jakarta-garden-city-oleh-tiur-20298264
Jakarta Garden City,2700000000,3,3,24.107.143,Rumah Dijual,170,112,Tak Berperabot,,,2022-12-01,2022-07-05,-6.178585,106.95334,"https://maps.google.com/maps?ll=-6.178585,106.95334&z=16&t=m&hl=en-US&gl=US&mapclient=apiv3",PT Modernland Realty Tbk,https://www.rumah.com/listing-properti/dijual-jakarta-garden-city-oleh-eva-an-20297692
Jakarta Garden City,2500000000,2,2,27.777.778,Rumah Dijual,90,90,,,,2022-12-01,2022-07-05,-6.178585,106.95334,"https://maps.google.com/maps?ll=-6.178585,106.95334&z=16&t=m&hl=en-US&gl=US&mapclient=apiv3",PT Modernland Realty Tbk,https://www.rumah.com/listing-properti/dijual-jakarta-garden-city-oleh-eva-an-20297626
Jakarta Garden City,2100000000,2,2,23.333.333,Rumah Dijual,72,90,,,,2022-12-01,2022-07-05,-6.178585,106.95334,"https://maps.google.com/maps?ll=-6.178585,106.95334&z=16&t=m&hl=en-US&gl=US&mapclient=apiv3",PT Modernland Realty Tbk,https://www.rumah.com/listing-properti/dijual-jakarta-garden-city-oleh-eva-an-20297438
Jakarta Garden City,2100000000,2,2,23.333.333,Rumah Dijual,72,90,,,,2022-12-01,2022-07-05,-6.178585,106.95334,"https://maps.google.com/maps?ll=-6.178585,106.95334&z=16&t=m&hl=en-US&gl=US&mapclient=apiv3",PT Modernland Realty Tbk,https://www.rumah.com/listing-properti/dijual-jakarta-garden-city-oleh-tiur-20297244
Jakarta Garden City,2500000000,2,2,27.777.778,Rumah Dijual,90,90,,,,2022-12-01,2022-07-05,-6.178585,106.95334,"https://maps.google.com/maps?ll=-6.178585,106.95334&z=16&t=m&hl=en-US&gl=US&mapclient=apiv3",PT Modernland Realty Tbk,https://www.rumah.com/listing-properti/dijual-jakarta-garden-city-oleh-tiur-20296950
Jakarta Garden City,2700000000,3,3,24.107.143,Rumah Dijual,170,112,,,,2022-12-01,2022-07-05,-6.178585,106.95334,"https://maps.google.com/maps?ll=-6.178585,106.95334&z=16&t=m&hl=en-US&gl=US&mapclient=apiv3",PT Modernland Realty Tbk,https://www.rumah.com/listing-properti/dijual-jakarta-garden-city-oleh-tiur-20296881
Jakarta Garden City,2700000000,3,2,30.000.000,Rumah Dijual,90,90,Sebagian,,,2022-12-01,2022-07-04,-6.178585,106.95334,"https://maps.google.com/maps?ll=-6.178585,106.95334&z=16&t=m&hl=en-US&gl=US&mapclient=apiv3",PT Modernland Realty Tbk,https://www.rumah.com/listing-properti/dijual-jakarta-garden-city-oleh-metadewi-20295303
Jakarta Garden City,1900000000,3,3,22.352.941,Rumah Dijual,63,85,Tak Berperabot,,2,2022-12-01,2022-07-04,-6.178585,106.95334,"https://maps.google.com/maps?ll=-6.178585,106.95334&z=16&t=m&hl=en-US&gl=US&mapclient=apiv3",PT Modernland Realty Tbk,https://www.rumah.com/listing-properti/dijual-jakarta-garden-city-oleh-maria-20180798
Jakarta Garden City,2700000000,3,2,30.000.000,Rumah Dijual,147,90,Sebagian,,2,2022-12-01,2022-07-04,-6.178585,106.95334,"https://maps.google.com/maps?ll=-6.178585,106.95334&z=16&t=m&hl=en-US&gl=US&mapclient=apiv3",PT Modernland Realty Tbk,https://www.rumah.com/listing-properti/dijual-jakarta-garden-city-oleh-ria-20289445
Jakarta Garden City,2700000000,3,2,30.000.000,Rumah Dijual,147,90,Sebagian,,2,2022-12-01,2022-07-03,-6.178585,106.95334,"https://maps.google.com/maps?ll=-6.178585,106.95334&z=16&t=m&hl=en-US&gl=US&mapclient=apiv3",PT Modernland Realty Tbk,https://www.rumah.com/listing-properti/dijual-jakarta-garden-city-oleh-tiur-20289825
Jakarta Garden City,2100000000,2,2,23.333.333,Rumah Dijual,72,90,,,,2022-12-01,2022-07-03,-6.178585,106.95334,"https://maps.google.com/maps?ll=-6.178585,106.95334&z=16&t=m&hl=en-US&gl=US&mapclient=apiv3",PT Modernland Realty Tbk,https://www.rumah.com/listing-properti/dijual-jakarta-garden-city-oleh-yuriani-20289733
Jakarta Garden City,2200000000,3,2,21.568.627,Rumah Dijual,76,102,,,,2022-12-01,2022-07-03,-6.178585,106.95334,"https://maps.google.com/maps?ll=-6.178585,106.95334&z=16&t=m&hl=en-US&gl=US&mapclient=apiv3",PT Modernland Realty Tbk,https://www.rumah.com/listing-properti/dijual-jakarta-garden-city-oleh-yuriani-20289717
Jakarta Garden City,2500000000,2,2,27.777.778,Rumah Dijual,90,90,Lengkap,,,2022-12-01,2022-07-03,-6.178585,106.95334,"https://maps.google.com/maps?ll=-6.178585,106.95334&z=16&t=m&hl=en-US&gl=US&mapclient=apiv3",PT Modernland Realty Tbk,https://www.rumah.com/listing-properti/dijual-jakarta-garden-city-oleh-metadewi-20289649
Jakarta Garden City,4600000000,4,3,20.909.091,Rumah Dijual,220,220,Sebagian,,,2022-12-01,2022-07-03,-6.178585,106.95334,"https://maps.google.com/maps?ll=-6.178585,106.95334&z=16&t=m&hl=en-US&gl=US&mapclient=apiv3",PT Modernland Realty Tbk,https://www.rumah.com/listing-properti/dijual-jakarta-garden-city-oleh-metadewi-20289635
Jakarta Garden City,2500000000,2,2,27.777.778,Rumah Dijual,90,90,,,1,2022-12-01,2022-07-03,-6.178585,106.95334,"https://maps.google.com/maps?ll=-6.178585,106.95334&z=16&t=m&hl=en-US&gl=US&mapclient=apiv3",PT Modernland Realty Tbk,https://www.rumah.com/listing-properti/dijual-jakarta-garden-city-oleh-yenli-20288257
Jakarta Garden City,2100000000,2,2,23.333.333,Rumah Dijual,72,90,,,,2022-12-01,2022-07-03,-6.178585,106.95334,"https://maps.google.com/maps?ll=-6.178585,106.95334&z=16&t=m&hl=en-US&gl=US&mapclient=apiv3",PT Modernland Realty Tbk,https://www.rumah.com/listing-properti/dijual-jakarta-garden-city-oleh-yenli-20288240
Jakarta Garden City,2200000000,3,2,21.568.627,Rumah Dijual,76,102,,,,2022-12-01,2022-07-03,-6.178585,106.95334,"https://maps.google.com/maps?ll=-6.178585,106.95334&z=16&t=m&hl=en-US&gl=US&mapclient=apiv3",PT Modernland Realty Tbk,https://www.rumah.com/listing-properti/dijual-jakarta-garden-city-oleh-yenli-20288186
Jakarta Garden City,2450000000,2,2,27.222.222,Rumah Dijual,93,90,Lengkap,,,2022-12-01,2022-07-03,-6.178585,106.95334,"https://maps.google.com/maps?ll=-6.178585,106.95334&z=16&t=m&hl=en-US&gl=US&mapclient=apiv3",PT Modernland Realty Tbk,https://www.rumah.com/listing-properti/dijual-jakarta-garden-city-oleh-yuriani-20287143
Jakarta Garden City,2200000000,3,3,18.333.333,Rumah Dijual,120,120,,,,2022-12-01,2022-07-03,-6.178585,106.95334,"https://maps.google.com/maps?ll=-6.178585,106.95334&z=16&t=m&hl=en-US&gl=US&mapclient=apiv3",PT Modernland Realty Tbk,https://www.rumah.com/listing-properti/dijual-jakarta-garden-city-oleh-yuriani-20277505
Jakarta Garden City,1675000000,2,2,18.611.111,Rumah Dijual,63,90,,,,2022-12-01,2022-07-03,-6.178585,106.95334,"https://maps.google.com/maps?ll=-6.178585,106.95334&z=16&t=m&hl=en-US&gl=US&mapclient=apiv3",PT Modernland Realty Tbk,https://www.rumah.com/listing-properti/dijual-jakarta-garden-city-oleh-metadewi-20284836
Jakarta Garden City,5954900000,1,0,26.349.115,Rumah Dijual,226,226,Tak Berperabot,,,2022-12-01,2022-07-03,,,,PT Modernland Realty Tbk,https://www.rumah.com/listing-properti/dijual-jakarta-garden-city-oleh-danny-daniel-3890702
Jakarta Garden City,2000000000,2,3,23.809.524,Rumah Dijual,80,84,,,2,2022-12-01,2022-07-03,-6.178585,106.95334,"https://maps.google.com/maps?ll=-6.178585,106.95334&z=16&t=m&hl=en-US&gl=US&mapclient=apiv3",PT Modernland Realty Tbk,https://www.rumah.com/listing-properti/dijual-jakarta-garden-city-oleh-rita-herlina-19063637
Jakarta Garden City,1700000000,3,2,16.666.667,Rumah Dijual,76,102,Tak Berperabot,,2,2022-12-01,2022-07-03,-6.178585,106.95334,"https://maps.google.com/maps?ll=-6.178585,106.95334&z=16&t=m&hl=en-US&gl=US&mapclient=apiv3",PT Modernland Realty Tbk,https://www.rumah.com/listing-properti/dijual-jakarta-garden-city-oleh-christi-20160299
Jakarta Garden City,2100000000,3,3,23.333.333,Rumah Dijual,154,90,,,,2022-12-01,2022-07-03,-6.178585,106.95334,"https://maps.google.com/maps?ll=-6.178585,106.95334&z=16&t=m&hl=en-US&gl=US&mapclient=apiv3",PT Modernland Realty Tbk,https://www.rumah.com/listing-properti/dijual-jakarta-garden-city-oleh-tri-20282397
Jakarta Garden City,1725000000,3,2,28.750.000,Rumah Dijual,120,60,Tak Berperabot,,1,2022-12-01,2022-07-03,-6.178585,106.95334,"https://maps.google.com/maps?ll=-6.178585,106.95334&z=16&t=m&hl=en-US&gl=US&mapclient=apiv3",PT Modernland Realty Tbk,https://www.rumah.com/listing-properti/dijual-jakarta-garden-city-oleh-pingkan-kiting-20204676
Jakarta Garden City,4100000000,3,3,36.607.143,Rumah Dijual,165,112,Tak Berperabot,,3,2022-12-01,2022-07-03,-6.178585,106.95334,"https://maps.google.com/maps?ll=-6.178585,106.95334&z=16&t=m&hl=en-US&gl=US&mapclient=apiv3",PT Modernland Realty Tbk,https://www.rumah.com/listing-properti/dijual-jakarta-garden-city-oleh-nurul-prakoso-20281339
Jakarta Garden City,2450000000,3,3,27.222.222,Rumah Dijual,135,90,Lengkap,,2,2022-12-01,2022-07-03,-6.178585,106.95334,"https://maps.google.com/maps?ll=-6.178585,106.95334&z=16&t=m&hl=en-US&gl=US&mapclient=apiv3",PT Modernland Realty Tbk,https://www.rumah.com/listing-properti/dijual-jakarta-garden-city-oleh-daniie-20281281
Jakarta Garden City,2000000000,3,3,16.666.667,Rumah Dijual,90,120,Tak Berperabot,,2,2022-12-01,2022-07-03,-6.178585,106.95334,"https://maps.google.com/maps?ll=-6.178585,106.95334&z=16&t=m&hl=en-US&gl=US&mapclient=apiv3",PT Modernland Realty Tbk,https://www.rumah.com/listing-properti/dijual-jakarta-garden-city-oleh-richard-wie-18134146
Jakarta Garden City,2700000000,4,4,24.107.143,Rumah Dijual,170,112,,,,2022-12-01,2022-07-03,-6.178585,106.95334,"https://maps.google.com/maps?ll=-6.178585,106.95334&z=16&t=m&hl=en-US&gl=US&mapclient=apiv3",PT Modernland Realty Tbk,https://www.rumah.com/listing-properti/dijual-jakarta-garden-city-oleh-imelda-an-20272970
Jakarta Garden City,2495000000,4,4,22.276.786,Rumah Dijual,90,112,Tak Berperabot,,2,2022-12-01,2022-07-03,-6.178585,106.95334,"https://maps.google.com/maps?ll=-6.178585,106.95334&z=16&t=m&hl=en-US&gl=US&mapclient=apiv3",PT Modernland Realty Tbk,https://www.rumah.com/listing-properti/dijual-jakarta-garden-city-oleh-yeyen-chandra-20268607
Jakarta Garden City,1650000000,3,3,18.333.333,Rumah Dijual,60,90,Tak Berperabot,,,2022-12-01,2022-07-03,-6.178585,106.95334,"https://maps.google.com/maps?ll=-6.178585,106.95334&z=16&t=m&hl=en-US&gl=US&mapclient=apiv3",PT Modernland Realty Tbk,https://www.rumah.com/listing-properti/dijual-jakarta-garden-city-oleh-yuana-20254281
Jakarta Garden City,1725000000,2,2,19.166.667,Rumah Dijual,60,90,Tak Berperabot,,1,2022-12-01,2022-07-03,-6.178585,106.95334,"https://maps.google.com/maps?ll=-6.178585,106.95334&z=16&t=m&hl=en-US&gl=US&mapclient=apiv3",PT Modernland Realty Tbk,https://www.rumah.com/listing-properti/dijual-jakarta-garden-city-oleh-wenny-19768300
Jakarta Garden City,3000000000,4,4,17.857.143,Rumah Dijual,147,168,Sebagian,,2,2022-12-01,2022-06-26,-6.178585,106.95334,"https://maps.google.com/maps?ll=-6.178585,106.95334&z=16&t=m&hl=en-US&gl=US&mapclient=apiv3",PT Modernland Realty Tbk,https://www.rumah.com/listing-properti/dijual-jakarta-garden-city-oleh-rita-herlina-19891172
Jakarta Garden City,1700000000,3,2,22.666.667,Rumah Dijual,63,75,Tak Berperabot,,1,2022-12-01,2022-06-26,-6.178585,106.95334,"https://maps.google.com/maps?ll=-6.178585,106.95334&z=16&t=m&hl=en-US&gl=US&mapclient=apiv3",PT Modernland Realty Tbk,https://www.rumah.com/listing-properti/dijual-jakarta-garden-city-oleh-wahyu-tan-19714024
Jakarta Garden City,2000000000,3,3,19.607.843,Rumah Dijual,150,102,Sebagian,,2,2022-12-01,2022-06-26,-6.178585,106.95334,"https://maps.google.com/maps?ll=-6.178585,106.95334&z=16&t=m&hl=en-US&gl=US&mapclient=apiv3",PT Modernland Realty Tbk,https://www.rumah.com/listing-properti/dijual-jakarta-garden-city-oleh-subiono-19918402
Jakarta Garden City,3950000000,5,4,18.544.601,Rumah Dijual,200,213,Sebagian,,1,2022-12-01,2022-06-26,-6.178585,106.95334,"https://maps.google.com/maps?ll=-6.178585,106.95334&z=16&t=m&hl=en-US&gl=US&mapclient=apiv3",PT Modernland Realty Tbk,https://www.rumah.com/listing-properti/dijual-jakarta-garden-city-oleh-christi-20156530
Jakarta Garden City,3000000000,5,4,25.210.084,Rumah Dijual,168,119,,,,2022-12-01,2022-06-26,-6.178585,106.95334,"https://maps.google.com/maps?ll=-6.178585,106.95334&z=16&t=m&hl=en-US&gl=US&mapclient=apiv3",PT Modernland Realty Tbk,https://www.rumah.com/listing-properti/dijual-jakarta-garden-city-oleh-dewi-20134580
Jakarta Garden City,2200000000,4,4,18.333.333,Rumah Dijual,180,120,Tak Berperabot,,1,2022-12-01,2022-06-26,-6.178585,106.95334,"https://maps.google.com/maps?ll=-6.178585,106.95334&z=16&t=m&hl=en-US&gl=US&mapclient=apiv3",PT Modernland Realty Tbk,https://www.rumah.com/listing-properti/dijual-jakarta-garden-city-oleh-kristianto-20029788
Jakarta Garden City,5300000000,4,3,22.083.333,Rumah Dijual,260,240,,,,2022-12-01,2022-06-26,-6.178585,106.95334,"https://maps.google.com/maps?ll=-6.178585,106.95334&z=16&t=m&hl=en-US&gl=US&mapclient=apiv3",PT Modernland Realty Tbk,https://www.rumah.com/listing-properti/dijual-jakarta-garden-city-oleh-tiur-20196078
Jakarta Garden City,1580000000,3,2,17.555.556,Rumah Dijual,90,90,,,1,2022-12-01,2022-06-26,-6.178585,106.95334,"https://maps.google.com/maps?ll=-6.178585,106.95334&z=16&t=m&hl=en-US&gl=US&mapclient=apiv3",PT Modernland Realty Tbk,https://www.rumah.com/listing-properti/dijual-jakarta-garden-city-oleh-tiur-20195940
Jakarta Garden City,1700000000,3,2,26.984.127,Rumah Dijual,75,63,Tak Berperabot,,1,2022-12-01,2022-06-26,-6.178585,106.95334,"https://maps.google.com/maps?ll=-6.178585,106.95334&z=16&t=m&hl=en-US&gl=US&mapclient=apiv3",PT Modernland Realty Tbk,https://www.rumah.com/listing-properti/dijual-jakarta-garden-city-oleh-hatma-sandjoyo-20154579
Jakarta Garden City,3000000000,4,4,25.210.084,Rumah Dijual,168,119,Sebagian,,2,2022-12-01,2022-06-26,-6.178585,106.95334,"https://maps.google.com/maps?ll=-6.178585,106.95334&z=16&t=m&hl=en-US&gl=US&mapclient=apiv3",PT Modernland Realty Tbk,https://www.rumah.com/listing-properti/dijual-jakarta-garden-city-oleh-christi-20160842
Jakarta Garden City,2200000000,4,4,18.333.333,Rumah Dijual,160,120,,,2,2022-12-01,2022-06-19,-6.178585,106.95334,"https://maps.google.com/maps?ll=-6.178585,106.95334&z=16&t=m&hl=en-US&gl=US&mapclient=apiv3",PT Modernland Realty Tbk,https://www.rumah.com/listing-properti/dijual-jakarta-garden-city-oleh-dewi-20038703
Jakarta Garden City,2400000000,4,3,20.000.000,Rumah Dijual,160,120,Sebagian,,2,2022-12-01,2022-06-19,-6.178585,106.95334,"https://maps.google.com/maps?ll=-6.178585,106.95334&z=16&t=m&hl=en-US&gl=US&mapclient=apiv3",PT Modernland Realty Tbk,https://www.rumah.com/listing-properti/dijual-jakarta-garden-city-oleh-affri-abdullah-18620072
Jakarta Garden City,2100000000,2,1,23.333.333,Rumah Dijual,120,90,Tak Berperabot,,1,2022-12-01,2022-06-19,-6.178585,106.95334,"https://maps.google.com/maps?ll=-6.178585,106.95334&z=16&t=m&hl=en-US&gl=US&mapclient=apiv3",PT Modernland Realty Tbk,https://www.rumah.com/listing-properti/dijual-jakarta-garden-city-oleh-pingkan-kiting-19615190
Jakarta Garden City,2150000000,6,3,21.078.431,Rumah Dijual,144,102,Tak Berperabot,,2,2022-12-01,2022-06-19,-6.178585,106.95334,"https://maps.google.com/maps?ll=-6.178585,106.95334&z=16&t=m&hl=en-US&gl=US&mapclient=apiv3",PT Modernland Realty Tbk,https://www.rumah.com/listing-properti/dijual-jakarta-garden-city-oleh-rini-yusnita-19749825
Jakarta Garden City,1400000000,3,1,15.555.556,Rumah Dijual,69,90,Tak Berperabot,,1,2022-12-01,2022-06-19,-6.178585,106.95334,"https://maps.google.com/maps?ll=-6.178585,106.95334&z=16&t=m&hl=en-US&gl=US&mapclient=apiv3",PT Modernland Realty Tbk,https://www.rumah.com/listing-properti/dijual-jakarta-garden-city-oleh-rini-yusnita-18650653
Jakarta Garden City,5000000000,4,3,22.727.273,Rumah Dijual,320,220,Sebagian,,2,2022-12-01,2022-06-19,-6.178585,106.95334,"https://maps.google.com/maps?ll=-6.178585,106.95334&z=16&t=m&hl=en-US&gl=US&mapclient=apiv3",PT Modernland Realty Tbk,https://www.rumah.com/listing-properti/dijual-jakarta-garden-city-oleh-yuriani-20179214
Jakarta Garden City,4800000000,4,3,21.818.182,Rumah Dijual,320,220,,,2,2022-12-01,2022-06-19,-6.178585,106.95334,"https://maps.google.com/maps?ll=-6.178585,106.95334&z=16&t=m&hl=en-US&gl=US&mapclient=apiv3",PT Modernland Realty Tbk,https://www.rumah.com/listing-properti/dijual-jakarta-garden-city-oleh-yuriani-20179178
Jakarta Garden City,2900000000,4,3,17.058.824,Rumah Dijual,120,170,Tak Berperabot,,2,2022-12-01,2022-06-12,-6.178585,106.95334,"https://maps.google.com/maps?ll=-6.178585,106.95334&z=16&t=m&hl=en-US&gl=US&mapclient=apiv3",PT Modernland Realty Tbk,https://www.rumah.com/listing-properti/dijual-jakarta-garden-city-oleh-aina-18295789
Jakarta Garden City,4950000000,4,3,20.625.000,Rumah Dijual,235,240,Lengkap,,2,2022-12-01,2022-06-12,-6.178585,106.95334,"https://maps.google.com/maps?ll=-6.178585,106.95334&z=16&t=m&hl=en-US&gl=US&mapclient=apiv3",PT Modernland Realty Tbk,https://www.rumah.com/listing-properti/dijual-jakarta-garden-city-oleh-maria-vie-19949925
Jakarta Garden City,4800000000,4,3,21.818.182,Rumah Dijual,320,220,Sebagian,,2,2022-12-01,2022-06-10,-6.178585,106.95334,"https://maps.google.com/maps?ll=-6.178585,106.95334&z=16&t=m&hl=en-US&gl=US&mapclient=apiv3",PT Modernland Realty Tbk,https://www.rumah.com/listing-properti/dijual-jakarta-garden-city-oleh-eva-an-20179547
Jakarta Garden City,2100000000,3,3,1.715.686,Rumah Dijual,75,102,,,,2022-12-01,2022-06-10,-6.178585,106.95334,"https://maps.google.com/maps?ll=-6.178585,106.95334&z=16&t=m&hl=en-US&gl=US&mapclient=apiv3",PT Modernland Realty Tbk,https://www.rumah.com/listing-properti/dijual-jakarta-garden-city-oleh-metadewi-20178983
Jakarta Garden City,2500000000,4,4,25.510.204,Rumah Dijual,115,98,Sebagian,,2,2022-12-01,2022-06-10,-6.178585,106.95334,"https://maps.google.com/maps?ll=-6.178585,106.95334&z=16&t=m&hl=en-US&gl=US&mapclient=apiv3",PT Modernland Realty Tbk,https://www.rumah.com/listing-properti/dijual-jakarta-garden-city-oleh-ruth-riahta-tarigan-19896146
Jakarta Garden City,3500000000,4,4,31.250.000,Rumah Dijual,156,112,Sebagian,,2,2022-12-01,2022-06-10,-6.178585,106.95334,"https://maps.google.com/maps?ll=-6.178585,106.95334&z=16&t=m&hl=en-US&gl=US&mapclient=apiv3",PT Modernland Realty Tbk,https://www.rumah.com/listing-properti/dijual-jakarta-garden-city-oleh-ruth-riahta-tarigan-19889724
Jakarta Garden City,2500000000,2,2,29.761.905,Rumah Dijual,80,84,Sebagian,,1,2022-12-01,2022-06-10,-6.178585,106.95334,"https://maps.google.com/maps?ll=-6.178585,106.95334&z=16&t=m&hl=en-US&gl=US&mapclient=apiv3",PT Modernland Realty Tbk,https://www.rumah.com/listing-properti/dijual-jakarta-garden-city-oleh-ruth-riahta-tarigan-19891346
Jakarta Garden City,2500000000,4,4,21.739.130,Rumah Dijual,98,115,Sebagian,,2,2022-12-01,2022-06-10,-6.178585,106.95334,"https://maps.google.com/maps?ll=-6.178585,106.95334&z=16&t=m&hl=en-US&gl=US&mapclient=apiv3",PT Modernland Realty Tbk,https://www.rumah.com/listing-properti/dijual-jakarta-garden-city-oleh-ruth-riahta-tarigan-19891465
Jakarta Garden City,2800000000,3,3,28.571.429,Rumah Dijual,115,98,Sebagian,,2,2022-12-01,2022-06-10,-6.178585,106.95334,"https://maps.google.com/maps?ll=-6.178585,106.95334&z=16&t=m&hl=en-US&gl=US&mapclient=apiv3",PT Modernland Realty Tbk,https://www.rumah.com/listing-properti/dijual-jakarta-garden-city-oleh-ruth-riahta-tarigan-19889662
Jakarta Garden City,4000000000,3,3,19.417.476,Rumah Dijual,206,206,,,1,2022-12-01,2022-06-10,-6.178585,106.95334,"https://maps.google.com/maps?ll=-6.178585,106.95334&z=16&t=m&hl=en-US&gl=US&mapclient=apiv3",PT Modernland Realty Tbk,https://www.rumah.com/listing-properti/dijual-jakarta-garden-city-oleh-yuriani-20168037
Jakarta Garden City,2050000000,3,2,22.777.778,Rumah Dijual,80,90,,,1,2022-12-01,2022-06-10,-6.178585,106.95334,"https://maps.google.com/maps?ll=-6.178585,106.95334&z=16&t=m&hl=en-US&gl=US&mapclient=apiv3",PT Modernland Realty Tbk,https://www.rumah.com/listing-properti/dijual-jakarta-garden-city-oleh-ellen-19889789
Jakarta Garden City,2200000000,4,4,14.666.667,Rumah Dijual,120,150,,,,2022-12-01,2022-06-10,-6.178585,106.95334,"https://maps.google.com/maps?ll=-6.178585,106.95334&z=16&t=m&hl=en-US&gl=US&mapclient=apiv3",PT Modernland Realty Tbk,https://www.rumah.com/listing-properti/dijual-jakarta-garden-city-oleh-ellen-20027063
Jakarta Garden City,3000000000,3,2,,Rumah Dijual,115,,,,,2022-12-01,2022-06-10,-6.178585,106.95334,"https://maps.google.com/maps?ll=-6.178585,106.95334&z=16&t=m&hl=en-US&gl=US&mapclient=apiv3",PT Modernland Realty Tbk,https://www.rumah.com/listing-properti/dijual-jakarta-garden-city-oleh-ad-mimin-18913961
Jakarta Garden City,2700000000,3,3,30.000.000,Rumah Dijual,75,90,Sebagian,,1,2022-12-01,2022-06-10,-6.178585,106.95334,"https://maps.google.com/maps?ll=-6.178585,106.95334&z=16&t=m&hl=en-US&gl=US&mapclient=apiv3",PT Modernland Realty Tbk,https://www.rumah.com/listing-properti/dijual-jakarta-garden-city-oleh-dewi-20134023
Jakarta Garden City,4800000000,4,3,21.818.182,Rumah Dijual,320,220,,,3,2022-12-01,2022-06-10,-6.178585,106.95334,"https://maps.google.com/maps?ll=-6.178585,106.95334&z=16&t=m&hl=en-US&gl=US&mapclient=apiv3",PT Modernland Realty Tbk,https://www.rumah.com/listing-properti/dijual-jakarta-garden-city-oleh-yenli-20168544
Jakarta Garden City,4800000000,4,3,14.545.455,Rumah Dijual,320,330,Lengkap,,2,2022-12-01,2022-06-10,-6.178585,106.95334,"https://maps.google.com/maps?ll=-6.178585,106.95334&z=16&t=m&hl=en-US&gl=US&mapclient=apiv3",PT Modernland Realty Tbk,https://www.rumah.com/listing-properti/dijual-jakarta-garden-city-oleh-metadewi-20168130
"Rumah Dijual ada sky Balcony dan Attic Room , wisteria Keppel Lan Cakungd",2200000000,3,2,26.190.476,Rumah Dijual,79,84,Tak Berperabot,,2,,2022-07-10,-6.178626,106.953344,"https://maps.google.com/maps?ll=-6.178626,106.953344&z=16&t=m&hl=en-US&gl=US&mapclient=apiv3",,https://www.rumah.com/listing-properti/dijual-rumah-dijual-ada-sky-balcony-dan-attic-room-wisteria-keppel-lan-cakungd-oleh-lastri-19671112
Rumah Dijual cepat di Jakarta Garden City Cluster Yarra,1500000000,4,2,16.666.667,Rumah Dijual,50,90,Tak Berperabot,,2,,2022-07-10,-6.178626,106.953344,"https://maps.google.com/maps?ll=-6.178626,106.953344&z=16&t=m&hl=en-US&gl=US&mapclient=apiv3",,https://www.rumah.com/listing-properti/dijual-rumah-dijual-cepat-di-jakarta-garden-city-cluster-yarra-oleh-lastri-19672289
Jual cepat Rumah UK 6x17 siap huni harga bagus di Laseine Jakarta Garden City/JGC,1750000000,4,3,17.156.863,Rumah Dijual,76,102,Sebagian,,2,,2022-07-09,-6.172701,106.953743,"https://maps.google.com/maps?ll=-6.172701,106.953743&z=16&t=m&hl=en-US&gl=US&mapclient=apiv3",,https://www.rumah.com/listing-properti/dijual-jual-cepat-rumah-uk-6x17-siap-huni-harga-bagus-di-laseine-jakarta-garden-city-jgc-oleh-lusia-ester-16818550
Dijual cepat rumah siap huni di Thames Jakarta Garden City,1700000000,4,3,18.888.889,Rumah Dijual,75,90,Sebagian,,2,,2022-07-06,,,,,https://www.rumah.com/listing-properti/dijual-dijual-cepat-rumah-siap-huni-di-thames-jakarta-garden-city-oleh-lusia-ester-18986730
"Rumah dijual cluster Shinano Jakarta Garden City , Cakung",3200000000,4,4,18.823.529,Rumah Dijual,121,170,Tak Berperabot,,2,,2022-07-09,-6.178626,106.953344,"https://maps.google.com/maps?ll=-6.178626,106.953344&z=16&t=m&hl=en-US&gl=US&mapclient=apiv3",,https://www.rumah.com/listing-properti/dijual-rumah-dijual-cluster-shinano-jakarta-garden-city-cakung-oleh-lastri-19670101
"Asya Cluster Matana, Jakarta Garden City, Rumah Mewah Harga Murah",3000000000,3,3,30.612.245,Rumah Dijual,91,98,Tak Berperabot,,2,,2022-07-09,-6.167312,106.960313,"https://maps.google.com/maps?ll=-6.167312,106.960313&z=16&t=m&hl=en-US&gl=US&mapclient=apiv3",,https://www.rumah.com/listing-properti/dijual-asya-cluster-matana-jakarta-garden-city-rumah-mewah-harga-murah-oleh-lastri-19854886
"Dijual BU CEPAT Rumah Mewah Cluster La seine , Jakarta Garden City (006)",3100000000,4,3,22.794.118,Rumah Dijual,200,136,Sebagian,,1,,2022-07-09,-6.160812,106.966313,"https://maps.google.com/maps?ll=-6.160812,106.966313&z=16&t=m&hl=en-US&gl=US&mapclient=apiv3",,https://www.rumah.com/listing-properti/dijual-dijual-bu-cepat-rumah-mewah-cluster-la-seine-jakarta-garden-city-006-oleh-lastri-20289919
Rumah besar siap huni lokasi bagus di lantana jakarta garden city/jgc,3300000000,5,4,16.666.667,Rumah Dijual,210,198,Sebagian,,1,,2022-07-05,,,,,https://www.rumah.com/listing-properti/dijual-rumah-besar-siap-huni-lokasi-bagus-di-lantana-jakarta-garden-city-jgc-oleh-lusia-ester-16513872
Dijual Rumah Murah Siap Tinggal di Cluster Palm Spring Jakarta Garden City Cakung,5500000000,4,4,22.916.667,Rumah Dijual,235,240,Sebagian,,2,,2022-07-05,-6.177124,106.957096,"https://maps.google.com/maps?ll=-6.177124,106.957096&z=16&t=m&hl=en-US&gl=US&mapclient=apiv3",,https://www.rumah.com/listing-properti/dijual-dijual-rumah-murah-siap-tinggal-di-cluster-palm-spring-jakarta-garden-city-cakung-oleh-lastri-19669723
"Cluster Palm Spring, Jakarta Garden City, Rumah Mewah Dijual Cepat",5000000000,4,4,20.833.333,Rumah Dijual,235,240,Lengkap,,2,,2022-07-05,-6.180687,106.954063,"https://maps.google.com/maps?ll=-6.180687,106.954063&z=16&t=m&hl=en-US&gl=US&mapclient=apiv3",,https://www.rumah.com/listing-properti/dijual-cluster-palm-spring-jakarta-garden-city-rumah-mewah-dijual-cepat-oleh-lastri-19872567
"Dijual BU Rumah Siap Huni, Cluster South Thames, Jakarta Garden City (029)",1650000000,3,3,18.333.333,Rumah Dijual,75,90,Tak Berperabot,,2,,2022-07-04,-6.167687,106.968063,"https://maps.google.com/maps?ll=-6.167687,106.968063&z=16&t=m&hl=en-US&gl=US&mapclient=apiv3",,https://www.rumah.com/listing-properti/dijual-dijual-bu-rumah-siap-huni-cluster-south-thames-jakarta-garden-city-029-oleh-lastri-20262542
"Dijual Murah Rumah Cantik Cluster Wisteria Basilia, Ujung Menteng Cakung",2200000000,3,2,26.190.476,Rumah Dijual,79,84,Tak Berperabot,,2,,2022-07-03,-6.178626,106.953344,"https://maps.google.com/maps?ll=-6.178626,106.953344&z=16&t=m&hl=en-US&gl=US&mapclient=apiv3",,https://www.rumah.com/listing-properti/dijual-dijual-murah-rumah-cantik-cluster-wisteria-basilia-ujung-menteng-cakung-oleh-lastry-19779416
Rumah Dijual Murah di Cluster Shinano Jakarta Garden City,1650000000,3,2,18.333.333,Rumah Dijual,68,90,Tak Berperabot,,2,,2022-07-03,-6.172188,106.952221,"https://maps.google.com/maps?ll=-6.172188,106.952221&z=16&t=m&hl=en-US&gl=US&mapclient=apiv3",,https://www.rumah.com/listing-properti/dijual-rumah-dijual-murah-di-cluster-shinano-jakarta-garden-city-oleh-lastry-17561419
Rumah Dijual cepat dekat Aeon Mall dan IKEA Cluster Cassia Di JGC,2700000000,3,4,18.243.243,Rumah Dijual,180,148,Sebagian,,2,,2022-07-03,-6.177062,106.958563,"https://maps.google.com/maps?ll=-6.177062,106.958563&z=16&t=m&hl=en-US&gl=US&mapclient=apiv3",,https://www.rumah.com/listing-properti/dijual-rumah-dijual-cepat-dekat-aeon-mall-dan-ikea-cluster-cassia-di-jgc-oleh-lastry-19767703
"Dijual BU CEPAT Rumah Cluster Cassia, Jakarta Garden City",2600000000,3,3,17.567.568,Rumah Dijual,156,148,Tak Berperabot,,2,,2022-07-03,-6.176937,106.958438,"https://maps.google.com/maps?ll=-6.176937,106.958438&z=16&t=m&hl=en-US&gl=US&mapclient=apiv3",,https://www.rumah.com/listing-properti/dijual-dijual-bu-cepat-rumah-cluster-cassia-jakarta-garden-city-oleh-lastry-20097454
Rumah dijual cepat semi furnish jakarta garden city,2300000000,4,4,18.548.387,Rumah Dijual,135,124,Lengkap,,2,,2022-07-03,-6.178626,106.953344,"https://maps.google.com/maps?ll=-6.178626,106.953344&z=16&t=m&hl=en-US&gl=US&mapclient=apiv3",,https://www.rumah.com/listing-properti/dijual-rumah-dijual-cepat-semi-furnish-jakarta-garden-city-oleh-lastri-19669322
Rumah Dijual siap huni di Cluster Alamanda JGC,4000000000,4,4,19.047.619,Rumah Dijual,150,210,Sebagian,,2,,2022-07-03,-6.178626,106.953344,"https://maps.google.com/maps?ll=-6.178626,106.953344&z=16&t=m&hl=en-US&gl=US&mapclient=apiv3",,https://www.rumah.com/listing-properti/dijual-rumah-dijual-siap-huni-di-cluster-alamanda-jgc-oleh-lastri-19669329
Rumah Dijual cepat di Jakarta Garden City Cluster Yarra,1500000000,4,2,16.666.667,Rumah Dijual,50,90,Tak Berperabot,,2,,2022-07-03,,,,,https://www.rumah.com/listing-properti/dijual-rumah-dijual-cepat-di-jakarta-garden-city-cluster-yarra-oleh-lastry-19097162
"Rumah Dijual ada sky Balcony dan Attic Room , wisteria Keppel Land",2200000000,3,2,26.190.476,Rumah Dijual,79,84,Tak Berperabot,,2,,2022-07-03,-6.178626,106.953344,"https://maps.google.com/maps?ll=-6.178626,106.953344&z=16&t=m&hl=en-US&gl=US&mapclient=apiv3",,https://www.rumah.com/listing-properti/dijual-rumah-dijual-ada-sky-balcony-dan-attic-room-wisteria-keppel-land-oleh-lastry-18254959
Rumah Dijual cepat cluster La Seine Jakarta Garden City,1750000000,4,3,17.156.863,Rumah Dijual,76,102,Tak Berperabot,,2,,2022-07-03,-6.177213,106.956994,"https://maps.google.com/maps?ll=-6.177213,106.956994&z=16&t=m&hl=en-US&gl=US&mapclient=apiv3",,https://www.rumah.com/listing-properti/dijual-rumah-dijual-cepat-cluster-la-seine-jakarta-garden-city-oleh-lastri-16818493
Thames luas tanah 102 siap huni harga bagus di Jakarta Garden City/JGC,1700000000,4,3,16.666.667,Rumah Dijual,75,102,Tak Berperabot,,2,,2022-07-03,,,,,https://www.rumah.com/listing-properti/dijual-thames-luas-tanah-102-siap-huni-harga-bagus-di-jakarta-garden-city-jgc-oleh-lusia-ester-16035065
Rumah bagus full renov semi furnish di Jakarta Garden City,2750000000,4,4,22.916.667,Rumah Dijual,180,120,Sebagian,,2,,2022-06-26,,,,,https://www.rumah.com/listing-properti/dijual-rumah-bagus-full-renov-semi-furnish-di-jakarta-garden-city-oleh-lusia-ester-19605993
Dijual cepat rumah lebar 7 hadap Timur siap huni di Shinano Jakarta Garden City,2900000000,5,4,24.369.748,Rumah Dijual,168,119,Sebagian,,2,,2022-06-26,,,,,https://www.rumah.com/listing-properti/dijual-dijual-cepat-rumah-lebar-7-hadap-timur-siap-huni-di-shinano-jakarta-garden-city-oleh-lusia-ester-19541254
Thames bagus dan mulus lebar 10 di Jakarta Garden City/JGC,3000000000,5,4,17.647.059,Rumah Dijual,127,170,Tak Berperabot,,2,,2022-06-26,-6.178626,106.953344,"https://maps.google.com/maps?ll=-6.178626,106.953344&z=16&t=m&hl=en-US&gl=US&mapclient=apiv3",,https://www.rumah.com/listing-properti/dijual-thames-bagus-dan-mulus-lebar-10-di-jakarta-garden-city-jgc-oleh-lusia-ester-15972207
Dijual Rumah Murah di Cluster Shinano Jakarta Garden City,1650000000,3,2,18.333.333,Rumah Dijual,63,90,Tak Berperabot,,2,,2022-06-26,-6.178626,106.953344,"https://maps.google.com/maps?ll=-6.178626,106.953344&z=16&t=m&hl=en-US&gl=US&mapclient=apiv3",,https://www.rumah.com/listing-properti/dijual-dijual-rumah-murah-di-cluster-shinano-jakarta-garden-city-oleh-lastri-19669551
Rumah dijual cluster misisipi siap huni Jakarta Garden City,1850000000,4,3,20.555.556,Rumah Dijual,75,90,Tak Berperabot,,2,,2022-06-26,-6.17264,106.961362,"https://maps.google.com/maps?ll=-6.17264,106.961362&z=16&t=m&hl=en-US&gl=US&mapclient=apiv3",,https://www.rumah.com/listing-properti/dijual-rumah-dijual-cluster-misisipi-siap-huni-jakarta-garden-city-oleh-lastri-15895188
Rumah dijual cepat cluster Missisipi jakarta Garden City,1850000000,4,3,20.555.556,Rumah Dijual,75,90,Tak Berperabot,,2,,2022-06-26,-6.178626,106.953344,"https://maps.google.com/maps?ll=-6.178626,106.953344&z=16&t=m&hl=en-US&gl=US&mapclient=apiv3",,https://www.rumah.com/listing-properti/dijual-rumah-dijual-cepat-cluster-missisipi-jakarta-garden-city-oleh-lastri-19670124
Dijual Rumah Cantik Cluster Cassia Di JGC,2700000000,3,3,18.243.243,Rumah Dijual,180,148,Tak Berperabot,,1,,2022-06-26,-6.178626,106.953344,"https://maps.google.com/maps?ll=-6.178626,106.953344&z=16&t=m&hl=en-US&gl=US&mapclient=apiv3",,https://www.rumah.com/listing-properti/dijual-dijual-rumah-cantik-cluster-cassia-di-jgc-oleh-lastri-19672513
Rumah Dijual cepat Cluster Thanes Jakarta Garden City Cakung,2350000000,4,3,17.279.412,Rumah Dijual,90,136,Tak Berperabot,,2,,2022-06-26,-6.172701,106.953743,"https://maps.google.com/maps?ll=-6.172701,106.953743&z=16&t=m&hl=en-US&gl=US&mapclient=apiv3",,https://www.rumah.com/listing-properti/dijual-rumah-dijual-cepat-cluster-thanes-jakarta-garden-city-cakung-oleh-lastry-16596766
Rumah Dijual di Cluster Palm Spring Jakarta Garden City,4600000000,5,4,19.166.667,Rumah Dijual,235,240,Sebagian,,3,,2022-06-26,-6.178626,106.953344,"https://maps.google.com/maps?ll=-6.178626,106.953344&z=16&t=m&hl=en-US&gl=US&mapclient=apiv3",,https://www.rumah.com/listing-properti/dijual-rumah-dijual-di-cluster-palm-spring-jakarta-garden-city-oleh-lastri-19670135
Jakarta Garden City,1650000000,3,2,18.333.333,Rumah Dijual,63,90,Tak Berperabot,,2,,2022-06-26,,,,,https://www.rumah.com/listing-properti/dijual-jakarta-garden-city-oleh-lastry-17110848
Rumah dijual cepat semi furnish jakarta garden city,2300000000,4,4,18.548.387,Rumah Dijual,135,124,Lengkap,,2,,2022-06-26,-6.177213,106.956994,"https://maps.google.com/maps?ll=-6.177213,106.956994&z=16&t=m&hl=en-US&gl=US&mapclient=apiv3",,https://www.rumah.com/listing-properti/dijual-rumah-dijual-cepat-semi-furnish-jakarta-garden-city-oleh-lastry-16469694
Rumah Dijual Cepat cluster D Banyan Jakarta Garden City,6000000000,4,4,20.408.163,Rumah Dijual,300,294,Tak Berperabot,,4,,2022-06-19,-6.178626,106.953344,"https://maps.google.com/maps?ll=-6.178626,106.953344&z=16&t=m&hl=en-US&gl=US&mapclient=apiv3",,https://www.rumah.com/listing-properti/dijual-rumah-dijual-cepat-cluster-d-banyan-jakarta-garden-city-oleh-lastry-17110084
"Dijual Cepat Rumah Cluster Shinano , Jakarta Garden City",2550000000,3,3,21.250.000,Rumah Dijual,92,120,Tak Berperabot,,1,,2022-06-12,-6.158812,106.969063,"https://maps.google.com/maps?ll=-6.158812,106.969063&z=16&t=m&hl=en-US&gl=US&mapclient=apiv3",,https://www.rumah.com/listing-properti/dijual-dijual-cepat-rumah-cluster-shinano-jakarta-garden-city-oleh-lastri-19976894
Rumah Dijual cepat cluster misisipi Jakarta Garden City,1650000000,4,3,18.333.333,Rumah Dijual,75,90,Tak Berperabot,,2,,2022-06-12,-6.178626,106.953344,"https://maps.google.com/maps?ll=-6.178626,106.953344&z=16&t=m&hl=en-US&gl=US&mapclient=apiv3",,https://www.rumah.com/listing-properti/dijual-rumah-dijual-cepat-cluster-misisipi-jakarta-garden-city-oleh-lastri-19669301
Laseine lebar 7 depan taman harga khusus di Jakarta Garden City/JGC,2190000000,4,3,20.857.143,Rumah Dijual,84,105,Sebagian,,2,,2022-06-12,-6.177334,106.953569,"https://maps.google.com/maps?ll=-6.177334,106.953569&z=16&t=m&hl=en-US&gl=US&mapclient=apiv3",,https://www.rumah.com/listing-properti/dijual-laseine-lebar-7-depan-taman-harga-khusus-di-jakarta-garden-city-jgc-oleh-lusia-ester-16456432
Missisipi semi furnish di Jakarta Garden City/JGC,1650000000,4,3,18.333.333,Rumah Dijual,75,90,Sebagian,,2,,2022-06-12,-2.015239,109.332578,"https://maps.google.com/maps?ll=-2.015239,109.332578&z=16&t=m&hl=en-US&gl=US&mapclient=apiv3",,https://www.rumah.com/listing-properti/dijual-missisipi-semi-furnish-di-jakarta-garden-city-jgc-oleh-lusia-ester-17523631
Jual cepat Shinano lebar 10 depan taman di Jakarta Garden City/JGC,2950000000,5,4,19.666.667,Rumah Dijual,121,150,Tak Berperabot,,2,,2022-07-09,-6.178626,106.953344,"https://maps.google.com/maps?ll=-6.178626,106.953344&z=16&t=m&hl=en-US&gl=US&mapclient=apiv3",,https://www.rumah.com/listing-properti/dijual-jual-cepat-shinano-lebar-10-depan-taman-di-jakarta-garden-city-jgc-oleh-lusia-ester-18533734
Dijual cepat Rumah bagus renov furnish di Cassia Jakarta Garden City/JGC,2900000000,5,4,18.589.744,Rumah Dijual,200,156,Sebagian,,2,,2022-07-09,,,,,https://www.rumah.com/listing-properti/dijual-dijual-cepat-rumah-bagus-renov-furnish-di-cassia-jakarta-garden-city-jgc-oleh-lusia-ester-19339987
Dijual cepat rumah lebar 8 lokasi bagus di Thames Jakarta Garden City/JGC,2175000000,4,4,18.125.000,Rumah Dijual,90,120,Tak Berperabot,,2,,2022-07-09,-6.178626,106.953344,"https://maps.google.com/maps?ll=-6.178626,106.953344&z=16&t=m&hl=en-US&gl=US&mapclient=apiv3",,https://www.rumah.com/listing-properti/dijual-dijual-cepat-rumah-lebar-8-lokasi-bagus-di-thames-jakarta-garden-city-jgc-oleh-lusia-ester-15591482
Rumah bagus di Cluster Zebrina SHM Full Renov di Jakarta Garden City/JGC,3000000000,4,4,20.270.270,Rumah Dijual,156,148,Sebagian,,2,,2022-07-09,-6.178626,106.953344,"https://maps.google.com/maps?ll=-6.178626,106.953344&z=16&t=m&hl=en-US&gl=US&mapclient=apiv3",,https://www.rumah.com/listing-properti/dijual-rumah-bagus-di-cluster-zebrina-shm-full-renov-di-jakarta-garden-city-jgc-oleh-lusia-ester-19853366
Rumah lebar 8 fullrenov furnish lokasi bagus di Missisipi Jakarta Garden City/JGC,2700000000,4,4,24.107.143,Rumah Dijual,170,112,Sebagian,,2,,2022-07-09,,,,,https://www.rumah.com/listing-properti/dijual-rumah-lebar-8-fullrenov-furnish-lokasi-bagus-di-missisipi-jakarta-garden-city-jgc-oleh-lusia-ester-19377345
Rumah bagus full furnish renov dan luas di Cassia Jakarta Garden City/JGC,3500000000,5,4,23.648.649,Rumah Dijual,156,148,Lengkap,,2,,2022-07-09,,,,,https://www.rumah.com/listing-properti/dijual-rumah-bagus-full-furnish-renov-dan-luas-di-cassia-jakarta-garden-city-jgc-oleh-lusia-ester-16585205
Rumah Murah Lt 8x17 Jakarta Garden City Cluster Thames,2400000000,4,4,17.647.059,Rumah Dijual,96,136,Tak Berperabot,,2,,2022-07-09,,,,,https://www.rumah.com/listing-properti/dijual-rumah-murah-lt-8x17-jakarta-garden-city-cluster-thames-oleh-lusia-ester-19546843
Rumah bagus dan luas di Lantana JGC,3500000000,5,4,17.500.000,Rumah Dijual,230,200,Tak Berperabot,,1,,2022-07-05,-6.178626,106.953344,"https://maps.google.com/maps?ll=-6.178626,106.953344&z=16&t=m&hl=en-US&gl=US&mapclient=apiv3",,https://www.rumah.com/listing-properti/dijual-rumah-bagus-dan-luas-di-lantana-jgc-oleh-lusia-ester-16458103
Thames lebar 8 di Jakarta Garden City/JGC,2150000000,4,4,17.916.667,Rumah Dijual,90,120,Tak Berperabot,,2,,2022-07-05,,,,,https://www.rumah.com/listing-properti/dijual-thames-lebar-8-di-jakarta-garden-city-jgc-oleh-lusia-ester-18182462
Dijual Rumah lebar 9 harga bagus di Cluster Cassia Jakarta Garden City/JGC,2700000000,4,4,18.243.243,Rumah Dijual,156,148,Sebagian,,1,,2022-07-05,,,,,https://www.rumah.com/listing-properti/dijual-dijual-rumah-lebar-9-harga-bagus-di-cluster-cassia-jakarta-garden-city-jgc-oleh-lusia-ester-19097179
Laseine baru lebar 6 lokasi bagus di Jakarta Garden City/JGC,1500000000,3,3,16.666.667,Rumah Dijual,63,90,Tak Berperabot,,2,,2022-07-07,,,,,https://www.rumah.com/listing-properti/dijual-laseine-baru-lebar-6-lokasi-bagus-di-jakarta-garden-city-jgc-oleh-lusia-ester-19316182
Jual cepat Shinano siap huni di Jakarta Garden City Jakarta Timur,2400000000,4,2,23.529.412,Rumah Dijual,69,102,Tak Berperabot,,2,,2022-07-05,,,,,https://www.rumah.com/listing-properti/dijual-jual-cepat-shinano-siap-huni-di-jakarta-garden-city-jakarta-timur-oleh-lusia-ester-15766720
Dijual rumah lebar 6 di Shinano Jakarta Garden City/JGC,1750000000,4,2,19.444.444,Rumah Dijual,63,90,Tak Berperabot,,2,,2022-06-26,,,,,https://www.rumah.com/listing-properti/dijual-dijual-rumah-lebar-6-di-shinano-jakarta-garden-city-jgc-oleh-lusia-ester-16818532
Rumah Mewah Jual Murah Lebar 12 Palm Spring Jakarta Garden City,4600000000,4,3,19.166.667,Rumah Dijual,235,240,Sebagian,,2,,2022-06-26,,,,,https://www.rumah.com/listing-properti/dijual-rumah-mewah-jual-murah-lebar-12-palm-spring-jakarta-garden-city-oleh-lusia-ester-18374744
"Rumah Dijual Super Murah , Cluster Palm Spring Di JGC",5500000000,5,3,22.916.667,Rumah Dijual,270,240,Lengkap,,2,,2022-06-26,-6.180687,106.954063,"https://maps.google.com/maps?ll=-6.180687,106.954063&z=16&t=m&hl=en-US&gl=US&mapclient=apiv3",,https://www.rumah.com/listing-properti/dijual-rumah-dijual-super-murah-cluster-palm-spring-di-jgc-oleh-lastry-19702290
Rumah Murah Jakarta Garden City Alamanda Lebar 7,1985000000,4,3,18.551.402,Rumah Dijual,94,107,Sebagian,,2,,2022-06-19,,,,,https://www.rumah.com/listing-properti/dijual-rumah-murah-jakarta-garden-city-alamanda-lebar-7-oleh-lusia-ester-18810423
Rumah bagus furnish di alamanda jakarta garden city/jgc,3750000000,5,5,17.857.143,Rumah Dijual,180,210,Sebagian,,2,,2022-06-19,-6.177213,106.956994,"https://maps.google.com/maps?ll=-6.177213,106.956994&z=16&t=m&hl=en-US&gl=US&mapclient=apiv3",,https://www.rumah.com/listing-properti/dijual-rumah-bagus-furnish-di-alamanda-jakarta-garden-city-jgc-oleh-lusia-ester-16585154
Dijual cepat rumah Lantana lebar 12 di Jakarta Garden City/JGC,3350000000,5,4,16.919.192,Rumah Dijual,210,198,Tak Berperabot,,1,,2022-06-19,-6.178626,106.953344,"https://maps.google.com/maps?ll=-6.178626,106.953344&z=16&t=m&hl=en-US&gl=US&mapclient=apiv3",,https://www.rumah.com/listing-properti/dijual-dijual-cepat-rumah-lantana-lebar-12-di-jakarta-garden-city-jgc-oleh-lusia-ester-15569108
Rumah baru lebar 7 lokasi bagus di Laseine Jakarta Garden City/JGC,2300000000,4,3,19.327.731,Rumah Dijual,84,119,Tak Berperabot,,2,,2022-06-12,,,,,https://www.rumah.com/listing-properti/dijual-rumah-baru-lebar-7-lokasi-bagus-di-laseine-jakarta-garden-city-jgc-oleh-lusia-ester-18834490
Rumah Dijual 2 tingkat,1600000000,3,2,16.161.616,Rumah Dijual,140,99,Sebagian,,2,,2022-06-19,-6.155562,106.923188,"https://maps.google.com/maps?ll=-6.155562,106.923188&z=16&t=m&hl=en-US&gl=US&mapclient=apiv3",,https://www.rumah.com/listing-properti/dijual-rumah-dijual-2-tingkat-oleh-allan-gunawan-20210114
Dijual Rumah Murah Siap Huni Harapan Mulya Harapan Indah Bekasi,900000000,4,3,8.333.333,Rumah Dijual,100,108,,,,,2022-07-03,,,,,https://www.rumah.com/listing-properti/dijual-dijual-rumah-murah-siap-huni-harapan-mulya-harapan-indah-bekasi-oleh-evi-herlina-19702939
Rumah 3jtan Tera Damai Cluster Curtina By Harapan Indah,444000000,2,1,7.400.000,Rumah Dijual,32,60,Tak Berperabot,,1,,2022-07-08,-6.171562,107.049563,"https://maps.google.com/maps?ll=-6.171562,107.049563&z=16&t=m&hl=en-US&gl=US&mapclient=apiv3",,https://www.rumah.com/listing-properti/dijual-rumah-3jtan-tera-damai-cluster-curtina-by-harapan-indah-oleh-michael-18670720
TAMAN MODERN JAKARTA TIMUR,4000000000,5,4,13.333.333,Rumah Dijual,219,300,Tak Berperabot,,3,,2022-06-19,-6.191713,106.954748,"https://maps.google.com/maps?ll=-6.191713,106.954748&z=16&t=m&hl=en-US&gl=US&mapclient=apiv3",,https://www.rumah.com/listing-properti/dijual-taman-modern-jakarta-timur-oleh-hartono-17029992
Puri Harmoni Kertamukti,168000000,2,1,2.800.000,Rumah Dijual,27,60,Tak Berperabot,,1,,2022-07-03,-6.039701,106.868347,"https://maps.google.com/maps?ll=-6.039701,106.868347&z=16&t=m&hl=en-US&gl=US&mapclient=apiv3",,https://www.rumah.com/listing-properti/dijual-puri-harmoni-kertamukti-oleh-manto-ezra-18079629
Rumah Subsidi Ready Stok,168000000,2,1,2.800.000,Rumah Dijual,30,60,,,1,,2022-06-26,0.7893,113.9213,"https://maps.google.com/maps?ll=0.7893,113.9213&z=16&t=m&hl=en-US&gl=US&mapclient=apiv3",,https://www.rumah.com/listing-properti/dijual-rumah-subsidi-ready-stok-oleh-ahmad-nugraha-madthea-19921700
Rumah Minimalis Murah di Segara City Tarumajaya Bekasi,725000000,2,2,8.055.556,Rumah Dijual,54,90,,,,,2022-07-05,-6.211765,107.003851,"https://maps.google.com/maps?ll=-6.211765,107.003851&z=16&t=m&hl=en-US&gl=US&mapclient=apiv3",,https://www.rumah.com/listing-properti/dijual-rumah-minimalis-murah-di-segara-city-tarumajaya-bekasi-oleh-rosidah-20297343
"Kebalen, babelan",489000000,2,1,7.409.091,Rumah Dijual,30,66,Tak Berperabot,,1,,2022-07-05,-6.177187,107.042063,"https://maps.google.com/maps?ll=-6.177187,107.042063&z=16&t=m&hl=en-US&gl=US&mapclient=apiv3",,https://www.rumah.com/listing-properti/dijual-kebalen-babelan-oleh-nova-tiara-20295612
Mutiara Indah,,3,3,,Rumah Dijual,60,60,Tak Berperabot,,2,,2022-07-04,-6.1561,106.962851,"https://maps.google.com/maps?ll=-6.1561,106.962851&z=16&t=m&hl=en-US&gl=US&mapclient=apiv3",,https://www.rumah.com/listing-properti/dijual-mutiara-indah-oleh-marlin-wardana-20291984
Imperial Gading,2700000000,4,3,22.131.148,Rumah Dijual,230,122,Sebagian,,2,2017-01-01,2022-07-05,-6.159326,106.923208,"https://maps.google.com/maps?ll=-6.159326,106.923208&z=16&t=m&hl=en-US&gl=US&mapclient=apiv3",PT Bumi Kharisma Sejahtera,https://www.rumah.com/listing-properti/dijual-imperial-gading-oleh-upik-suparti-20296619
Dijual rumah full renov siap huni di Alamanda Jakarta Garden City/JGC,2700000000,4,4,13.500.000,Rumah Dijual,145,200,Lengkap,,1,,2022-07-09,-6.178626,106.953344,"https://maps.google.com/maps?ll=-6.178626,106.953344&z=16&t=m&hl=en-US&gl=US&mapclient=apiv3",,https://www.rumah.com/listing-properti/dijual-dijual-rumah-full-renov-siap-huni-di-alamanda-jakarta-garden-city-jgc-oleh-lusia-ester-17523546
